frame_id,specimen_id,biological_unit_id,clone_id,culture_batch_id,culture_condition,treatment,technical_replicate,acquisition_date,passage,culture_day,source_passage_day_token,post_condition_passage_day_token,imaging_lab,microscope_id,magnification,timepoint_h,status,status_reason,image_path,mask_path,source_uri,license,segmentation_method,segmentation_version,quality_flags,split,pixel_size_um,foreground_label_value_count,pixel_size_source,area_pixels,area_um2,equivalent_diameter_pixels,equivalent_diameter_um,perimeter_pixels,perimeter_um,circularity,touches_image_edge,foreground_fraction,image_sha256,mask_sha256
2023-11-23_kidney-39_P2D7_Suspension_DMSO-A_0h_BF_5x,kidney_39_Suspension_DMSO_A,kidney_39,not_reported,not_reported,Suspension,DMSO,A,2023-11-23,2,7,P2D7,,University_of_Bonn,Leica_DM_IRB_Nikon_DSU3,5x,0.0,pending_annotation,Source image indexed; no instance mask was supplied or generated.,images/2023-11-23_kidney-39_P2D7_Suspension_DMSO-A_0h_BF_5x.tif,,https://doi.org/10.60507/FK2/OM25XQ,CC-BY-4.0,not_reported,not_reported,,development,,,,,,,,,,,,,2fd4cb0df8080316d17b0b770672445952e87ab17a36628a552e554da44ac4f4,
2023-11-23_kidney-39_P2D7_Suspension_DMSO-A_5h_BF_5x,kidney_39_Suspension_DMSO_A,kidney_39,not_reported,not_reported,Suspension,DMSO,A,2023-11-23,2,7,P2D7,,University_of_Bonn,Leica_DM_IRB_Nikon_DSU3,5x,5.0,pending_annotation,Source image indexed; no instance mask was supplied or generated.,images/2023-11-23_kidney-39_P2D7_Suspension_DMSO-A_5h_BF_5x.tif,,https://doi.org/10.60507/FK2/OM25XQ,CC-BY-4.0,not_reported,not_reported,,development,,,,,,,,,,,,,0ee39afa60e99a720fd1d5109c6128f7c9715086a9eddfc71e7e1ee0b0db274c,
2023-11-23_kidney-39_P2D7_Suspension_DMSO-B_0h_BF_5x,kidney_39_Suspension_DMSO_B,kidney_39,not_reported,not_reported,Suspension,DMSO,B,2023-11-23,2,7,P2D7,,University_of_Bonn,Leica_DM_IRB_Nikon_DSU3,5x,0.0,pending_annotation,Source image indexed; no instance mask was supplied or generated.,images/2023-11-23_kidney-39_P2D7_Suspension_DMSO-B_0h_BF_5x.tif,,https://doi.org/10.60507/FK2/OM25XQ,CC-BY-4.0,not_reported,not_reported,,development,,,,,,,,,,,,,45d871124c1da669667920aaa79f8e4065fb8f9d7fdb2c4bb50f0e40b0fb9097,
2023-11-23_kidney-39_P2D7_Suspension_DMSO-B_5h_BF_5x,kidney_39_Suspension_DMSO_B,kidney_39,not_reported,not_reported,Suspension,DMSO,B,2023-11-23,2,7,P2D7,,University_of_Bonn,Leica_DM_IRB_Nikon_DSU3,5x,5.0,pending_annotation,Source image indexed; no instance mask was supplied or generated.,images/2023-11-23_kidney-39_P2D7_Suspension_DMSO-B_5h_BF_5x.tif,,https://doi.org/10.60507/FK2/OM25XQ,CC-BY-4.0,not_reported,not_reported,,development,,,,,,,,,,,,,6d3ba02f5816801fb0401d81ca05085f75acc90766fbc2512fc565c9c3d1619b,
2023-11-23_kidney-39_P2D7_Suspension_DMSO-C_0h_BF_5x,kidney_39_Suspension_DMSO_C,kidney_39,not_reported,not_reported,Suspension,DMSO,C,2023-11-23,2,7,P2D7,,University_of_Bonn,Leica_DM_IRB_Nikon_DSU3,5x,0.0,pending_annotation,Source image indexed; no instance mask was supplied or generated.,images/2023-11-23_kidney-39_P2D7_Suspension_DMSO-C_0h_BF_5x.tif,,https://doi.org/10.60507/FK2/OM25XQ,CC-BY-4.0,not_reported,not_reported,,development,,,,,,,,,,,,,067e5a11bbe202c8b2d07ec8a685b7149e3615b48eea4fdad93251aea6e7248c,
2023-11-23_kidney-39_P2D7_Suspension_DMSO-C_5h_BF_5x,kidney_39_Suspension_DMSO_C,kidney_39,not_reported,not_reported,Suspension,DMSO,C,2023-11-23,2,7,P2D7,,University_of_Bonn,Leica_DM_IRB_Nikon_DSU3,5x,5.0,pending_annotation,Source image indexed; no instance mask was supplied or generated.,images/2023-11-23_kidney-39_P2D7_Suspension_DMSO-C_5h_BF_5x.tif,,https://doi.org/10.60507/FK2/OM25XQ,CC-BY-4.0,not_reported,not_reported,,development,,,,,,,,,,,,,daa95edf195bfd8ad45a55fc2a3db9d8d2927b868548cad4add276563c456128,
2023-11-23_kidney-39_P2D7_Suspension_Forskolin-A_0h_BF_5x,kidney_39_Suspension_Forskolin_A,kidney_39,not_reported,not_reported,Suspension,Forskolin,A,2023-11-23,2,7,P2D7,,University_of_Bonn,Leica_DM_IRB_Nikon_DSU3,5x,0.0,pending_annotation,Source image indexed; no instance mask was supplied or generated.,images/2023-11-23_kidney-39_P2D7_Suspension_Forskolin-A_0h_BF_5x.tif,,https://doi.org/10.60507/FK2/OM25XQ,CC-BY-4.0,not_reported,not_reported,,development,,,,,,,,,,,,,46a5de88ccf0dc01e216c14c6c947ef8d004f538db80ac1a51c5e1bacab37f9e,
2023-11-23_kidney-39_P2D7_Suspension_Forskolin-A_5h_BF_5x,kidney_39_Suspension_Forskolin_A,kidney_39,not_reported,not_reported,Suspension,Forskolin,A,2023-11-23,2,7,P2D7,,University_of_Bonn,Leica_DM_IRB_Nikon_DSU3,5x,5.0,pending_annotation,Source image indexed; no instance mask was supplied or generated.,images/2023-11-23_kidney-39_P2D7_Suspension_Forskolin-A_5h_BF_5x.tif,,https://doi.org/10.60507/FK2/OM25XQ,CC-BY-4.0,not_reported,not_reported,,development,,,,,,,,,,,,,47481502b65a4d8134ae930a666e647d5d29473a52cf5c9564d712f21ace6ce6,
2023-11-23_kidney-39_P2D7_Suspension_Forskolin-B_0h_BF_5x,kidney_39_Suspension_Forskolin_B,kidney_39,not_reported,not_reported,Suspension,Forskolin,B,2023-11-23,2,7,P2D7,,University_of_Bonn,Leica_DM_IRB_Nikon_DSU3,5x,0.0,pending_annotation,Source image indexed; no instance mask was supplied or generated.,images/2023-11-23_kidney-39_P2D7_Suspension_Forskolin-B_0h_BF_5x.tif,,https://doi.org/10.60507/FK2/OM25XQ,CC-BY-4.0,not_reported,not_reported,,development,,,,,,,,,,,,,78fb6c9bbbdc01cdcd11778f56230bdbb92266b68eca07b56b17327f0fd83bd2,
2023-11-23_kidney-39_P2D7_Suspension_Forskolin-B_5h_BF_5x,kidney_39_Suspension_Forskolin_B,kidney_39,not_reported,not_reported,Suspension,Forskolin,B,2023-11-23,2,7,P2D7,,University_of_Bonn,Leica_DM_IRB_Nikon_DSU3,5x,5.0,pending_annotation,Source image indexed; no instance mask was supplied or generated.,images/2023-11-23_kidney-39_P2D7_Suspension_Forskolin-B_5h_BF_5x.tif,,https://doi.org/10.60507/FK2/OM25XQ,CC-BY-4.0,not_reported,not_reported,,development,,,,,,,,,,,,,a35f99f6ae3bf91143d04063133f1f3042fff641ca1e92cec23046e31c532ee2,
2023-11-23_kidney-39_P2D7_Suspension_Forskolin-C_0h_BF_5x,kidney_39_Suspension_Forskolin_C,kidney_39,not_reported,not_reported,Suspension,Forskolin,C,2023-11-23,2,7,P2D7,,University_of_Bonn,Leica_DM_IRB_Nikon_DSU3,5x,0.0,pending_annotation,Source image indexed; no instance mask was supplied or generated.,images/2023-11-23_kidney-39_P2D7_Suspension_Forskolin-C_0h_BF_5x.tif,,https://doi.org/10.60507/FK2/OM25XQ,CC-BY-4.0,not_reported,not_reported,,development,,,,,,,,,,,,,89f3f294ed68393d7a4359910cb934e4b7300c4e1f4d09177bb9173d132c4016,
2023-11-23_kidney-39_P2D7_Suspension_Forskolin-C_5h_BF_5x,kidney_39_Suspension_Forskolin_C,kidney_39,not_reported,not_reported,Suspension,Forskolin,C,2023-11-23,2,7,P2D7,,University_of_Bonn,Leica_DM_IRB_Nikon_DSU3,5x,5.0,pending_annotation,Source image indexed; no instance mask was supplied or generated.,images/2023-11-23_kidney-39_P2D7_Suspension_Forskolin-C_5h_BF_5x.tif,,https://doi.org/10.60507/FK2/OM25XQ,CC-BY-4.0,not_reported,not_reported,,development,,,,,,,,,,,,,66196ddba6954e8e33d6f1758785eedec739464f522ab5549c3db32ce36c4799,
2023-11-23_kidney-39_P2D7_Suspension_Media-A_0h_BF_5x,kidney_39_Suspension_Media_A,kidney_39,not_reported,not_reported,Suspension,Media,A,2023-11-23,2,7,P2D7,,University_of_Bonn,Leica_DM_IRB_Nikon_DSU3,5x,0.0,pending_annotation,Source image indexed; no instance mask was supplied or generated.,images/2023-11-23_kidney-39_P2D7_Suspension_Media-A_0h_BF_5x.tif,,https://doi.org/10.60507/FK2/OM25XQ,CC-BY-4.0,not_reported,not_reported,,development,,,,,,,,,,,,,27338adf1d3c58ed48ecd5e52fa4b00d744e86d6340922edf7d925caf921a78e,
2023-11-23_kidney-39_P2D7_Suspension_Media-A_5h_BF_5x,kidney_39_Suspension_Media_A,kidney_39,not_reported,not_reported,Suspension,Media,A,2023-11-23,2,7,P2D7,,University_of_Bonn,Leica_DM_IRB_Nikon_DSU3,5x,5.0,pending_annotation,Source image indexed; no instance mask was supplied or generated.,images/2023-11-23_kidney-39_P2D7_Suspension_Media-A_5h_BF_5x.tif,,https://doi.org/10.60507/FK2/OM25XQ,CC-BY-4.0,not_reported,not_reported,,development,,,,,,,,,,,,,7de68661c61e76f9caa05681d9444355ca8b1dc922f6d2dffc1b71dcd27f486e,
2023-11-23_kidney-39_P2D7_Suspension_Media-B_0h_BF_5x,kidney_39_Suspension_Media_B,kidney_39,not_reported,not_reported,Suspension,Media,B,2023-11-23,2,7,P2D7,,University_of_Bonn,Leica_DM_IRB_Nikon_DSU3,5x,0.0,pending_annotation,Source image indexed; no instance mask was supplied or generated.,images/2023-11-23_kidney-39_P2D7_Suspension_Media-B_0h_BF_5x.tif,,https://doi.org/10.60507/FK2/OM25XQ,CC-BY-4.0,not_reported,not_reported,,development,,,,,,,,,,,,,d2d542ada4b6348c905c10507e0f914c9d1e20d23cce5c693684dcddb5ac6a4b,
2023-11-23_kidney-39_P2D7_Suspension_Media-B_5h_BF_5x,kidney_39_Suspension_Media_B,kidney_39,not_reported,not_reported,Suspension,Media,B,2023-11-23,2,7,P2D7,,University_of_Bonn,Leica_DM_IRB_Nikon_DSU3,5x,5.0,pending_annotation,Source image indexed; no instance mask was supplied or generated.,images/2023-11-23_kidney-39_P2D7_Suspension_Media-B_5h_BF_5x.tif,,https://doi.org/10.60507/FK2/OM25XQ,CC-BY-4.0,not_reported,not_reported,,development,,,,,,,,,,,,,d5d39dc6c02d5c50c6887a087c8a68e0dc431606a49565b811050a3aa15effa2,
2023-11-23_kidney-39_P2D7_Suspension_Media-C_0h_BF_5x,kidney_39_Suspension_Media_C,kidney_39,not_reported,not_reported,Suspension,Media,C,2023-11-23,2,7,P2D7,,University_of_Bonn,Leica_DM_IRB_Nikon_DSU3,5x,0.0,pending_annotation,Source image indexed; no instance mask was supplied or generated.,images/2023-11-23_kidney-39_P2D7_Suspension_Media-C_0h_BF_5x.tif,,https://doi.org/10.60507/FK2/OM25XQ,CC-BY-4.0,not_reported,not_reported,,development,,,,,,,,,,,,,0c6fc8e9bbee8d46c0e08464b9115e499140054d137e6ab30b86e947730eab4a,
2023-11-23_kidney-39_P2D7_Suspension_Media-C_5h_BF_5x,kidney_39_Suspension_Media_C,kidney_39,not_reported,not_reported,Suspension,Media,C,2023-11-23,2,7,P2D7,,University_of_Bonn,Leica_DM_IRB_Nikon_DSU3,5x,5.0,pending_annotation,Source image indexed; no instance mask was supplied or generated.,images/2023-11-23_kidney-39_P2D7_Suspension_Media-C_5h_BF_5x.tif,,https://doi.org/10.60507/FK2/OM25XQ,CC-BY-4.0,not_reported,not_reported,,development,,,,,,,,,,,,,3bd02467dabaf957741e0b009ed3c5ec9e233a307055b89d1844b50efc4fb01e,
2023-11-24_kidney-39_P2D8_Suspension_DMSO-A_24h_BF_5x,kidney_39_Suspension_DMSO_A,kidney_39,not_reported,not_reported,Suspension,DMSO,A,2023-11-24,2,8,P2D8,,University_of_Bonn,Leica_DM_IRB_Nikon_DSU3,5x,24.0,pending_annotation,Source image indexed; no instance mask was supplied or generated.,images/2023-11-24_kidney-39_P2D8_Suspension_DMSO-A_24h_BF_5x.tif,,https://doi.org/10.60507/FK2/OM25XQ,CC-BY-4.0,not_reported,not_reported,,development,,,,,,,,,,,,,eeb66e6fc82ea7a0e89af6f52f666f3d5d71b76fb6350470f42c4320a7d585a7,
2023-11-24_kidney-39_P2D8_Suspension_DMSO-B_24h_BF_5x,kidney_39_Suspension_DMSO_B,kidney_39,not_reported,not_reported,Suspension,DMSO,B,2023-11-24,2,8,P2D8,,University_of_Bonn,Leica_DM_IRB_Nikon_DSU3,5x,24.0,pending_annotation,Source image indexed; no instance mask was supplied or generated.,images/2023-11-24_kidney-39_P2D8_Suspension_DMSO-B_24h_BF_5x.tif,,https://doi.org/10.60507/FK2/OM25XQ,CC-BY-4.0,not_reported,not_reported,,development,,,,,,,,,,,,,d1da5cdadb2075ecea8ac36bcf2a63f953746858295b902daa07a8e90c2b18d8,
2023-11-24_kidney-39_P2D8_Suspension_DMSO-C_24h_BF_5x,kidney_39_Suspension_DMSO_C,kidney_39,not_reported,not_reported,Suspension,DMSO,C,2023-11-24,2,8,P2D8,,University_of_Bonn,Leica_DM_IRB_Nikon_DSU3,5x,24.0,pending_annotation,Source image indexed; no instance mask was supplied or generated.,images/2023-11-24_kidney-39_P2D8_Suspension_DMSO-C_24h_BF_5x.tif,,https://doi.org/10.60507/FK2/OM25XQ,CC-BY-4.0,not_reported,not_reported,,development,,,,,,,,,,,,,158e7d69a13b7b4ffa22a6364bac40474f406e3b30c00f716d0cfc472bbe491b,
2023-11-24_kidney-39_P2D8_Suspension_Forskolin-A_24h_BF_5x,kidney_39_Suspension_Forskolin_A,kidney_39,not_reported,not_reported,Suspension,Forskolin,A,2023-11-24,2,8,P2D8,,University_of_Bonn,Leica_DM_IRB_Nikon_DSU3,5x,24.0,pending_annotation,Source image indexed; no instance mask was supplied or generated.,images/2023-11-24_kidney-39_P2D8_Suspension_Forskolin-A_24h_BF_5x.tif,,https://doi.org/10.60507/FK2/OM25XQ,CC-BY-4.0,not_reported,not_reported,,development,,,,,,,,,,,,,6ee49f282f2ca9d903d3d6779f520ceea60bd555bdf1d4dfe87a3a915357385b,
2023-11-24_kidney-39_P2D8_Suspension_Forskolin-B_24h_BF_5x,kidney_39_Suspension_Forskolin_B,kidney_39,not_reported,not_reported,Suspension,Forskolin,B,2023-11-24,2,8,P2D8,,University_of_Bonn,Leica_DM_IRB_Nikon_DSU3,5x,24.0,pending_annotation,Source image indexed; no instance mask was supplied or generated.,images/2023-11-24_kidney-39_P2D8_Suspension_Forskolin-B_24h_BF_5x.tif,,https://doi.org/10.60507/FK2/OM25XQ,CC-BY-4.0,not_reported,not_reported,,development,,,,,,,,,,,,,bca0d67a534613c46d0fc4d8e19bee2cf68a300a30ca8fc5b0cd0974750cc37b,
2023-11-24_kidney-39_P2D8_Suspension_Forskolin-C_24h_BF_5x,kidney_39_Suspension_Forskolin_C,kidney_39,not_reported,not_reported,Suspension,Forskolin,C,2023-11-24,2,8,P2D8,,University_of_Bonn,Leica_DM_IRB_Nikon_DSU3,5x,24.0,pending_annotation,Source image indexed; no instance mask was supplied or generated.,images/2023-11-24_kidney-39_P2D8_Suspension_Forskolin-C_24h_BF_5x.tif,,https://doi.org/10.60507/FK2/OM25XQ,CC-BY-4.0,not_reported,not_reported,,development,,,,,,,,,,,,,581b6542d256cc5dac9dda5008b0fd7de8c5de0299e4587005d8aefa946fd018,
2023-11-24_kidney-39_P2D8_Suspension_Media-A_24h_BF_5x,kidney_39_Suspension_Media_A,kidney_39,not_reported,not_reported,Suspension,Media,A,2023-11-24,2,8,P2D8,,University_of_Bonn,Leica_DM_IRB_Nikon_DSU3,5x,24.0,pending_annotation,Source image indexed; no instance mask was supplied or generated.,images/2023-11-24_kidney-39_P2D8_Suspension_Media-A_24h_BF_5x.tif,,https://doi.org/10.60507/FK2/OM25XQ,CC-BY-4.0,not_reported,not_reported,,development,,,,,,,,,,,,,8b4468f7b50791a1aebfcf148f78dc21031023ad0e6aeded565c68769a3c25cf,
2023-11-24_kidney-39_P2D8_Suspension_Media-B_24h_BF_5x,kidney_39_Suspension_Media_B,kidney_39,not_reported,not_reported,Suspension,Media,B,2023-11-24,2,8,P2D8,,University_of_Bonn,Leica_DM_IRB_Nikon_DSU3,5x,24.0,pending_annotation,Source image indexed; no instance mask was supplied or generated.,images/2023-11-24_kidney-39_P2D8_Suspension_Media-B_24h_BF_5x.tif,,https://doi.org/10.60507/FK2/OM25XQ,CC-BY-4.0,not_reported,not_reported,,development,,,,,,,,,,,,,6e37389527f95fe30ce7df8b4642dac930cb209825fbabe24c222e947d093640,
2023-11-24_kidney-39_P2D8_Suspension_Media-C_24h_BF_5x,kidney_39_Suspension_Media_C,kidney_39,not_reported,not_reported,Suspension,Media,C,2023-11-24,2,8,P2D8,,University_of_Bonn,Leica_DM_IRB_Nikon_DSU3,5x,24.0,pending_annotation,Source image indexed; no instance mask was supplied or generated.,images/2023-11-24_kidney-39_P2D8_Suspension_Media-C_24h_BF_5x.tif,,https://doi.org/10.60507/FK2/OM25XQ,CC-BY-4.0,not_reported,not_reported,,development,,,,,,,,,,,,,d2149c1bf32582223214c2530e66dfc903257a3180308942b533b671a54a608b,
2023-11-25_kidney-39_P2D9_Suspension_DMSO-A_48h_BF_5x,kidney_39_Suspension_DMSO_A,kidney_39,not_reported,not_reported,Suspension,DMSO,A,2023-11-25,2,9,P2D9,,University_of_Bonn,Leica_DM_IRB_Nikon_DSU3,5x,48.0,pending_annotation,Source image indexed; no instance mask was supplied or generated.,images/2023-11-25_kidney-39_P2D9_Suspension_DMSO-A_48h_BF_5x.tif,,https://doi.org/10.60507/FK2/OM25XQ,CC-BY-4.0,not_reported,not_reported,,development,,,,,,,,,,,,,717448107f981e91710c7ad2745493313179672121483bc0933a640ecaec56ef,
2023-11-25_kidney-39_P2D9_Suspension_DMSO-B_48h_BF_5x,kidney_39_Suspension_DMSO_B,kidney_39,not_reported,not_reported,Suspension,DMSO,B,2023-11-25,2,9,P2D9,,University_of_Bonn,Leica_DM_IRB_Nikon_DSU3,5x,48.0,pending_annotation,Source image indexed; no instance mask was supplied or generated.,images/2023-11-25_kidney-39_P2D9_Suspension_DMSO-B_48h_BF_5x.tif,,https://doi.org/10.60507/FK2/OM25XQ,CC-BY-4.0,not_reported,not_reported,,development,,,,,,,,,,,,,cec2247c37d2389083d91cee927b36a58d12af15fcf6ff7881fa5db1fa153f67,
2023-11-25_kidney-39_P2D9_Suspension_DMSO-C_48h_BF_5x,kidney_39_Suspension_DMSO_C,kidney_39,not_reported,not_reported,Suspension,DMSO,C,2023-11-25,2,9,P2D9,,University_of_Bonn,Leica_DM_IRB_Nikon_DSU3,5x,48.0,pending_annotation,Source image indexed; no instance mask was supplied or generated.,images/2023-11-25_kidney-39_P2D9_Suspension_DMSO-C_48h_BF_5x.tif,,https://doi.org/10.60507/FK2/OM25XQ,CC-BY-4.0,not_reported,not_reported,,development,,,,,,,,,,,,,4c04179cb63d77bf78a62eda5ebadab0491a624f9fde9ea76ef19a540de2d8c5,
2023-11-25_kidney-39_P2D9_Suspension_Forskolin-A_48h_BF_5x,kidney_39_Suspension_Forskolin_A,kidney_39,not_reported,not_reported,Suspension,Forskolin,A,2023-11-25,2,9,P2D9,,University_of_Bonn,Leica_DM_IRB_Nikon_DSU3,5x,48.0,pending_annotation,Source image indexed; no instance mask was supplied or generated.,images/2023-11-25_kidney-39_P2D9_Suspension_Forskolin-A_48h_BF_5x.tif,,https://doi.org/10.60507/FK2/OM25XQ,CC-BY-4.0,not_reported,not_reported,,development,,,,,,,,,,,,,4dd1b816f3b8fee9427c068b772cc0143df7463feb6b37bbba0d547d80c8cf65,
2023-11-25_kidney-39_P2D9_Suspension_Forskolin-B_48h_BF_5x,kidney_39_Suspension_Forskolin_B,kidney_39,not_reported,not_reported,Suspension,Forskolin,B,2023-11-25,2,9,P2D9,,University_of_Bonn,Leica_DM_IRB_Nikon_DSU3,5x,48.0,pending_annotation,Source image indexed; no instance mask was supplied or generated.,images/2023-11-25_kidney-39_P2D9_Suspension_Forskolin-B_48h_BF_5x.tif,,https://doi.org/10.60507/FK2/OM25XQ,CC-BY-4.0,not_reported,not_reported,,development,,,,,,,,,,,,,accd08f01c22b3c5a5fdc1e2b3fe80f0c5406ef5a506749b48228616cb5b3d8e,
2023-11-25_kidney-39_P2D9_Suspension_Forskolin-C_48h_BF_5x,kidney_39_Suspension_Forskolin_C,kidney_39,not_reported,not_reported,Suspension,Forskolin,C,2023-11-25,2,9,P2D9,,University_of_Bonn,Leica_DM_IRB_Nikon_DSU3,5x,48.0,pending_annotation,Source image indexed; no instance mask was supplied or generated.,images/2023-11-25_kidney-39_P2D9_Suspension_Forskolin-C_48h_BF_5x.tif,,https://doi.org/10.60507/FK2/OM25XQ,CC-BY-4.0,not_reported,not_reported,,development,,,,,,,,,,,,,a96f1622d4abf06aceed4b388dbdaae9bf67a234fb8ec69b7bb57f1b9273ce92,
2023-11-25_kidney-39_P2D9_Suspension_Media-A_48h_BF_5x,kidney_39_Suspension_Media_A,kidney_39,not_reported,not_reported,Suspension,Media,A,2023-11-25,2,9,P2D9,,University_of_Bonn,Leica_DM_IRB_Nikon_DSU3,5x,48.0,pending_annotation,Source image indexed; no instance mask was supplied or generated.,images/2023-11-25_kidney-39_P2D9_Suspension_Media-A_48h_BF_5x.tif,,https://doi.org/10.60507/FK2/OM25XQ,CC-BY-4.0,not_reported,not_reported,,development,,,,,,,,,,,,,4c434711d595c2afd1ccc52c2f87a7373fee1f8e8c5fc4259e5b5139f33b8e42,
2023-11-25_kidney-39_P2D9_Suspension_Media-B_48h_BF_5x,kidney_39_Suspension_Media_B,kidney_39,not_reported,not_reported,Suspension,Media,B,2023-11-25,2,9,P2D9,,University_of_Bonn,Leica_DM_IRB_Nikon_DSU3,5x,48.0,pending_annotation,Source image indexed; no instance mask was supplied or generated.,images/2023-11-25_kidney-39_P2D9_Suspension_Media-B_48h_BF_5x.tif,,https://doi.org/10.60507/FK2/OM25XQ,CC-BY-4.0,not_reported,not_reported,,development,,,,,,,,,,,,,6a31675345bd12a20a83eb21cae8ba8a9b5d38bcc7515da239afa58d67147d7e,
2023-11-25_kidney-39_P2D9_Suspension_Media-C_48h_BF_5x,kidney_39_Suspension_Media_C,kidney_39,not_reported,not_reported,Suspension,Media,C,2023-11-25,2,9,P2D9,,University_of_Bonn,Leica_DM_IRB_Nikon_DSU3,5x,48.0,pending_annotation,Source image indexed; no instance mask was supplied or generated.,images/2023-11-25_kidney-39_P2D9_Suspension_Media-C_48h_BF_5x.tif,,https://doi.org/10.60507/FK2/OM25XQ,CC-BY-4.0,not_reported,not_reported,,development,,,,,,,,,,,,,e3fcd60da897f7664c2aa16aa0194bab875ba8eab43e59a7ff6b8e4d4412c393,
2023-11-26_kidney-39_P2D10_Suspension_DMSO-A_72h_BF_5x,kidney_39_Suspension_DMSO_A,kidney_39,not_reported,not_reported,Suspension,DMSO,A,2023-11-26,2,10,P2D10,,University_of_Bonn,Leica_DM_IRB_Nikon_DSU3,5x,72.0,pending_annotation,Source image indexed; no instance mask was supplied or generated.,images/2023-11-26_kidney-39_P2D10_Suspension_DMSO-A_72h_BF_5x.tif,,https://doi.org/10.60507/FK2/OM25XQ,CC-BY-4.0,not_reported,not_reported,,development,,,,,,,,,,,,,885a438d436293f154abfd5adbbfab3dab5986db03350d45d94702525056c731,
2023-11-26_kidney-39_P2D10_Suspension_DMSO-B_72h_BF_5x,kidney_39_Suspension_DMSO_B,kidney_39,not_reported,not_reported,Suspension,DMSO,B,2023-11-26,2,10,P2D10,,University_of_Bonn,Leica_DM_IRB_Nikon_DSU3,5x,72.0,pending_annotation,Source image indexed; no instance mask was supplied or generated.,images/2023-11-26_kidney-39_P2D10_Suspension_DMSO-B_72h_BF_5x.tif,,https://doi.org/10.60507/FK2/OM25XQ,CC-BY-4.0,not_reported,not_reported,,development,,,,,,,,,,,,,aaef167be19f9fcea90f704334ff2f419fc001459ea970e8b89e16ca8c21fb8b,
2023-11-26_kidney-39_P2D10_Suspension_DMSO-C_72h_BF_5x,kidney_39_Suspension_DMSO_C,kidney_39,not_reported,not_reported,Suspension,DMSO,C,2023-11-26,2,10,P2D10,,University_of_Bonn,Leica_DM_IRB_Nikon_DSU3,5x,72.0,pending_annotation,Source image indexed; no instance mask was supplied or generated.,images/2023-11-26_kidney-39_P2D10_Suspension_DMSO-C_72h_BF_5x.tif,,https://doi.org/10.60507/FK2/OM25XQ,CC-BY-4.0,not_reported,not_reported,,development,,,,,,,,,,,,,2b0d517361ff2d17a68f313f39aa8cec049320be72fe81ee333a5345139c1b7e,
2023-11-26_kidney-39_P2D10_Suspension_Forskolin-A_72h_BF_5x,kidney_39_Suspension_Forskolin_A,kidney_39,not_reported,not_reported,Suspension,Forskolin,A,2023-11-26,2,10,P2D10,,University_of_Bonn,Leica_DM_IRB_Nikon_DSU3,5x,72.0,pending_annotation,Source image indexed; no instance mask was supplied or generated.,images/2023-11-26_kidney-39_P2D10_Suspension_Forskolin-A_72h_BF_5x.tif,,https://doi.org/10.60507/FK2/OM25XQ,CC-BY-4.0,not_reported,not_reported,,development,,,,,,,,,,,,,8ea6700ba6f1f6e477966d603d262bc51d3fe8681fe19d0e16da4808da310f38,
2023-11-26_kidney-39_P2D10_Suspension_Forskolin-B_72h_BF_5x,kidney_39_Suspension_Forskolin_B,kidney_39,not_reported,not_reported,Suspension,Forskolin,B,2023-11-26,2,10,P2D10,,University_of_Bonn,Leica_DM_IRB_Nikon_DSU3,5x,72.0,pending_annotation,Source image indexed; no instance mask was supplied or generated.,images/2023-11-26_kidney-39_P2D10_Suspension_Forskolin-B_72h_BF_5x.tif,,https://doi.org/10.60507/FK2/OM25XQ,CC-BY-4.0,not_reported,not_reported,,development,,,,,,,,,,,,,e77af0688e4eeefd8c26f26ab131bbf87deb2213c8e1e4c7765fad9c3a2c869e,
2023-11-26_kidney-39_P2D10_Suspension_Forskolin-C_72h_BF_5x,kidney_39_Suspension_Forskolin_C,kidney_39,not_reported,not_reported,Suspension,Forskolin,C,2023-11-26,2,10,P2D10,,University_of_Bonn,Leica_DM_IRB_Nikon_DSU3,5x,72.0,pending_annotation,Source image indexed; no instance mask was supplied or generated.,images/2023-11-26_kidney-39_P2D10_Suspension_Forskolin-C_72h_BF_5x.tif,,https://doi.org/10.60507/FK2/OM25XQ,CC-BY-4.0,not_reported,not_reported,,development,,,,,,,,,,,,,3099ecf030c7f527a3a61943195cb1829ffd230980e0431a2eee865d910a2c32,
2023-11-26_kidney-39_P2D10_Suspension_Media-A_72h_BF_5x,kidney_39_Suspension_Media_A,kidney_39,not_reported,not_reported,Suspension,Media,A,2023-11-26,2,10,P2D10,,University_of_Bonn,Leica_DM_IRB_Nikon_DSU3,5x,72.0,pending_annotation,Source image indexed; no instance mask was supplied or generated.,images/2023-11-26_kidney-39_P2D10_Suspension_Media-A_72h_BF_5x.tif,,https://doi.org/10.60507/FK2/OM25XQ,CC-BY-4.0,not_reported,not_reported,,development,,,,,,,,,,,,,90036719f5fc8f30d4c696288b07419b6e2fee859dcca7ecab2e86cb5420a528,
2023-11-26_kidney-39_P2D10_Suspension_Media-B_72h_BF_5x,kidney_39_Suspension_Media_B,kidney_39,not_reported,not_reported,Suspension,Media,B,2023-11-26,2,10,P2D10,,University_of_Bonn,Leica_DM_IRB_Nikon_DSU3,5x,72.0,pending_annotation,Source image indexed; no instance mask was supplied or generated.,images/2023-11-26_kidney-39_P2D10_Suspension_Media-B_72h_BF_5x.tif,,https://doi.org/10.60507/FK2/OM25XQ,CC-BY-4.0,not_reported,not_reported,,development,,,,,,,,,,,,,8bf97870441baeb1652b1fc15bd00fb97c47ef0777a1ca71048ef15b93fcc338,
2023-11-26_kidney-39_P2D10_Suspension_Media-C_72h_BF_5x,kidney_39_Suspension_Media_C,kidney_39,not_reported,not_reported,Suspension,Media,C,2023-11-26,2,10,P2D10,,University_of_Bonn,Leica_DM_IRB_Nikon_DSU3,5x,72.0,pending_annotation,Source image indexed; no instance mask was supplied or generated.,images/2023-11-26_kidney-39_P2D10_Suspension_Media-C_72h_BF_5x.tif,,https://doi.org/10.60507/FK2/OM25XQ,CC-BY-4.0,not_reported,not_reported,,development,,,,,,,,,,,,,5beec16be73b6b0d1c8fcb39404b049ea13c1c440b65013671357c61d614e397,
2024-01-26_kidney-51_P2D7_Domes_DMSO-A_0h_BF_5x,kidney_51_Domes_DMSO_A,kidney_51,not_reported,not_reported,Domes,DMSO,A,2024-01-26,2,7,P2D7,,University_of_Bonn,Leica_DM_IRB_Nikon_DSU3,5x,0.0,pending_annotation,Source image indexed; no instance mask was supplied or generated.,images/2024-01-26_kidney-51_P2D7_Domes_DMSO-A_0h_BF_5x.tif,,https://doi.org/10.60507/FK2/OM25XQ,CC-BY-4.0,not_reported,not_reported,,final_test,,,,,,,,,,,,,14099df7ea556a64fc3b0eb48566953f72eec5cb712e3ee859dfdfdd8246bb2a,
2024-01-26_kidney-51_P2D7_Domes_DMSO-A_5h_BF_5x,kidney_51_Domes_DMSO_A,kidney_51,not_reported,not_reported,Domes,DMSO,A,2024-01-26,2,7,P2D7,,University_of_Bonn,Leica_DM_IRB_Nikon_DSU3,5x,5.0,pending_annotation,Source image indexed; no instance mask was supplied or generated.,images/2024-01-26_kidney-51_P2D7_Domes_DMSO-A_5h_BF_5x.tif,,https://doi.org/10.60507/FK2/OM25XQ,CC-BY-4.0,not_reported,not_reported,,final_test,,,,,,,,,,,,,e5d3a74953b7d4b1079bb62a5f64158b2862586b0f682b5da348c8a29e6e6d71,
2024-01-26_kidney-51_P2D7_Domes_DMSO-B_0h_BF_5x,kidney_51_Domes_DMSO_B,kidney_51,not_reported,not_reported,Domes,DMSO,B,2024-01-26,2,7,P2D7,,University_of_Bonn,Leica_DM_IRB_Nikon_DSU3,5x,0.0,pending_annotation,Source image indexed; no instance mask was supplied or generated.,images/2024-01-26_kidney-51_P2D7_Domes_DMSO-B_0h_BF_5x.tif,,https://doi.org/10.60507/FK2/OM25XQ,CC-BY-4.0,not_reported,not_reported,,final_test,,,,,,,,,,,,,0cd8e0ab3f83a3cc9739daf1890cbfe86584d2dd3d42f584e00ac89766111e24,
2024-01-26_kidney-51_P2D7_Domes_DMSO-B_5h_BF_5x,kidney_51_Domes_DMSO_B,kidney_51,not_reported,not_reported,Domes,DMSO,B,2024-01-26,2,7,P2D7,,University_of_Bonn,Leica_DM_IRB_Nikon_DSU3,5x,5.0,pending_annotation,Source image indexed; no instance mask was supplied or generated.,images/2024-01-26_kidney-51_P2D7_Domes_DMSO-B_5h_BF_5x.tif,,https://doi.org/10.60507/FK2/OM25XQ,CC-BY-4.0,not_reported,not_reported,,final_test,,,,,,,,,,,,,ffbac22e8fb70a9be153a273293f30960539d463cefc41be98a8d59ee68eaa5b,
2024-01-26_kidney-51_P2D7_Domes_Forskolin-A_0h_BF_5x,kidney_51_Domes_Forskolin_A,kidney_51,not_reported,not_reported,Domes,Forskolin,A,2024-01-26,2,7,P2D7,,University_of_Bonn,Leica_DM_IRB_Nikon_DSU3,5x,0.0,pending_annotation,Source image indexed; no instance mask was supplied or generated.,images/2024-01-26_kidney-51_P2D7_Domes_Forskolin-A_0h_BF_5x.tif,,https://doi.org/10.60507/FK2/OM25XQ,CC-BY-4.0,not_reported,not_reported,,final_test,,,,,,,,,,,,,171c1375723c2aeb9d0c35684107b36fd5417021beddecb2925d1f3473d74e11,
2024-01-26_kidney-51_P2D7_Domes_Forskolin-A_5h_BF_5x,kidney_51_Domes_Forskolin_A,kidney_51,not_reported,not_reported,Domes,Forskolin,A,2024-01-26,2,7,P2D7,,University_of_Bonn,Leica_DM_IRB_Nikon_DSU3,5x,5.0,pending_annotation,Source image indexed; no instance mask was supplied or generated.,images/2024-01-26_kidney-51_P2D7_Domes_Forskolin-A_5h_BF_5x.tif,,https://doi.org/10.60507/FK2/OM25XQ,CC-BY-4.0,not_reported,not_reported,,final_test,,,,,,,,,,,,,231d0493b546810018d8d355be76bdf6930126f682fa1a01cdac25dd365629ac,
2024-01-26_kidney-51_P2D7_Domes_Forskolin-B_0h_BF_5x,kidney_51_Domes_Forskolin_B,kidney_51,not_reported,not_reported,Domes,Forskolin,B,2024-01-26,2,7,P2D7,,University_of_Bonn,Leica_DM_IRB_Nikon_DSU3,5x,0.0,pending_annotation,Source image indexed; no instance mask was supplied or generated.,images/2024-01-26_kidney-51_P2D7_Domes_Forskolin-B_0h_BF_5x.tif,,https://doi.org/10.60507/FK2/OM25XQ,CC-BY-4.0,not_reported,not_reported,,final_test,,,,,,,,,,,,,349a3102420640f779abdf04e91f1de11e289866eebd884fef94a8b909d82408,
2024-01-26_kidney-51_P2D7_Domes_Forskolin-B_5h_BF_5x,kidney_51_Domes_Forskolin_B,kidney_51,not_reported,not_reported,Domes,Forskolin,B,2024-01-26,2,7,P2D7,,University_of_Bonn,Leica_DM_IRB_Nikon_DSU3,5x,5.0,pending_annotation,Source image indexed; no instance mask was supplied or generated.,images/2024-01-26_kidney-51_P2D7_Domes_Forskolin-B_5h_BF_5x.tif,,https://doi.org/10.60507/FK2/OM25XQ,CC-BY-4.0,not_reported,not_reported,,final_test,,,,,,,,,,,,,9f3c1ef4b6a77636230b60fbf239e86f1120a6c9e23690f1cec9f4210c5125d5,
2024-01-26_kidney-51_P2D7_Domes_Forskolin-C_0h_BF_5x,kidney_51_Domes_Forskolin_C,kidney_51,not_reported,not_reported,Domes,Forskolin,C,2024-01-26,2,7,P2D7,,University_of_Bonn,Leica_DM_IRB_Nikon_DSU3,5x,0.0,pending_annotation,Source image indexed; no instance mask was supplied or generated.,images/2024-01-26_kidney-51_P2D7_Domes_Forskolin-C_0h_BF_5x.tif,,https://doi.org/10.60507/FK2/OM25XQ,CC-BY-4.0,not_reported,not_reported,,final_test,,,,,,,,,,,,,1cfc472d776587c46ba5e5707b555116e281726d20a9e283929cd8f8836c5215,
2024-01-26_kidney-51_P2D7_Domes_Forskolin-C_5h_BF_5x,kidney_51_Domes_Forskolin_C,kidney_51,not_reported,not_reported,Domes,Forskolin,C,2024-01-26,2,7,P2D7,,University_of_Bonn,Leica_DM_IRB_Nikon_DSU3,5x,5.0,pending_annotation,Source image indexed; no instance mask was supplied or generated.,images/2024-01-26_kidney-51_P2D7_Domes_Forskolin-C_5h_BF_5x.tif,,https://doi.org/10.60507/FK2/OM25XQ,CC-BY-4.0,not_reported,not_reported,,final_test,,,,,,,,,,,,,0f1cb4756495446ed9a1d8a6e92a84b41351d136bbe19159516919b486f0a0d7,
2024-01-26_kidney-51_P2D7_Domes_Media-A_0h_BF_5x,kidney_51_Domes_Media_A,kidney_51,not_reported,not_reported,Domes,Media,A,2024-01-26,2,7,P2D7,,University_of_Bonn,Leica_DM_IRB_Nikon_DSU3,5x,0.0,pending_annotation,Source image indexed; no instance mask was supplied or generated.,images/2024-01-26_kidney-51_P2D7_Domes_Media-A_0h_BF_5x.tif,,https://doi.org/10.60507/FK2/OM25XQ,CC-BY-4.0,not_reported,not_reported,,final_test,,,,,,,,,,,,,4a0c1f43f690662a704e67bfff9a34e137314c614f0d3b28526967f9d3aa3671,
2024-01-26_kidney-51_P2D7_Domes_Media-A_5h_BF_5x,kidney_51_Domes_Media_A,kidney_51,not_reported,not_reported,Domes,Media,A,2024-01-26,2,7,P2D7,,University_of_Bonn,Leica_DM_IRB_Nikon_DSU3,5x,5.0,pending_annotation,Source image indexed; no instance mask was supplied or generated.,images/2024-01-26_kidney-51_P2D7_Domes_Media-A_5h_BF_5x.tif,,https://doi.org/10.60507/FK2/OM25XQ,CC-BY-4.0,not_reported,not_reported,,final_test,,,,,,,,,,,,,4c60686c4b2f163c863a4e28325af18299fa2cfdd4759c8211a2cfc5a43d5dde,
2024-01-26_kidney-51_P2D7_Domes_Media-B_0h_BF_5x,kidney_51_Domes_Media_B,kidney_51,not_reported,not_reported,Domes,Media,B,2024-01-26,2,7,P2D7,,University_of_Bonn,Leica_DM_IRB_Nikon_DSU3,5x,0.0,pending_annotation,Source image indexed; no instance mask was supplied or generated.,images/2024-01-26_kidney-51_P2D7_Domes_Media-B_0h_BF_5x.tif,,https://doi.org/10.60507/FK2/OM25XQ,CC-BY-4.0,not_reported,not_reported,,final_test,,,,,,,,,,,,,af8b8ba57ca3492f3f35d4c734cfd37b4b0b1c7583614aa56bd4e70804ad949d,
2024-01-26_kidney-51_P2D7_Domes_Media-B_5h_BF_5x,kidney_51_Domes_Media_B,kidney_51,not_reported,not_reported,Domes,Media,B,2024-01-26,2,7,P2D7,,University_of_Bonn,Leica_DM_IRB_Nikon_DSU3,5x,5.0,pending_annotation,Source image indexed; no instance mask was supplied or generated.,images/2024-01-26_kidney-51_P2D7_Domes_Media-B_5h_BF_5x.tif,,https://doi.org/10.60507/FK2/OM25XQ,CC-BY-4.0,not_reported,not_reported,,final_test,,,,,,,,,,,,,8e7b51ae499df1fdc610f520401c968615bf5530a7253f9e1e69c78030c93841,
2024-01-26_kidney-51_P2D7_Domes_Media-C_0h_BF_5x,kidney_51_Domes_Media_C,kidney_51,not_reported,not_reported,Domes,Media,C,2024-01-26,2,7,P2D7,,University_of_Bonn,Leica_DM_IRB_Nikon_DSU3,5x,0.0,pending_annotation,Source image indexed; no instance mask was supplied or generated.,images/2024-01-26_kidney-51_P2D7_Domes_Media-C_0h_BF_5x.tif,,https://doi.org/10.60507/FK2/OM25XQ,CC-BY-4.0,not_reported,not_reported,,final_test,,,,,,,,,,,,,1e952d0a820dfc2dc007e4a0a372e1c6ea6efc907594b2317cd832c64a1bd531,
2024-01-26_kidney-51_P2D7_Domes_Media-C_5h_BF_5x,kidney_51_Domes_Media_C,kidney_51,not_reported,not_reported,Domes,Media,C,2024-01-26,2,7,P2D7,,University_of_Bonn,Leica_DM_IRB_Nikon_DSU3,5x,5.0,pending_annotation,Source image indexed; no instance mask was supplied or generated.,images/2024-01-26_kidney-51_P2D7_Domes_Media-C_5h_BF_5x.tif,,https://doi.org/10.60507/FK2/OM25XQ,CC-BY-4.0,not_reported,not_reported,,final_test,,,,,,,,,,,,,3ee12ba0b395f9d4b3601f2baff84e20cb7734388933f0eca9cee5ebec3d9282,
2024-01-26_kidney-51_P2D7_Suspension_DMSO-A_0h_BF_5x,kidney_51_Suspension_DMSO_A,kidney_51,not_reported,not_reported,Suspension,DMSO,A,2024-01-26,2,7,P2D7,,University_of_Bonn,Leica_DM_IRB_Nikon_DSU3,5x,0.0,pending_annotation,Source image indexed; no instance mask was supplied or generated.,images/2024-01-26_kidney-51_P2D7_Suspension_DMSO-A_0h_BF_5x.tif,,https://doi.org/10.60507/FK2/OM25XQ,CC-BY-4.0,not_reported,not_reported,,final_test,,,,,,,,,,,,,e2a8e4079d5a829996feba9338c8ca812882ede47767b44549e6ee364fef3bbf,
2024-01-26_kidney-51_P2D7_Suspension_DMSO-A_5h_BF_5x,kidney_51_Suspension_DMSO_A,kidney_51,not_reported,not_reported,Suspension,DMSO,A,2024-01-26,2,7,P2D7,,University_of_Bonn,Leica_DM_IRB_Nikon_DSU3,5x,5.0,pending_annotation,Source image indexed; no instance mask was supplied or generated.,images/2024-01-26_kidney-51_P2D7_Suspension_DMSO-A_5h_BF_5x.tif,,https://doi.org/10.60507/FK2/OM25XQ,CC-BY-4.0,not_reported,not_reported,,final_test,,,,,,,,,,,,,7202bd6fcee740f23b80303a7454c6025653e0dd2f04da12dfc9eb33962518c2,
2024-01-26_kidney-51_P2D7_Suspension_DMSO-B_0h_BF_5x,kidney_51_Suspension_DMSO_B,kidney_51,not_reported,not_reported,Suspension,DMSO,B,2024-01-26,2,7,P2D7,,University_of_Bonn,Leica_DM_IRB_Nikon_DSU3,5x,0.0,pending_annotation,Source image indexed; no instance mask was supplied or generated.,images/2024-01-26_kidney-51_P2D7_Suspension_DMSO-B_0h_BF_5x.tif,,https://doi.org/10.60507/FK2/OM25XQ,CC-BY-4.0,not_reported,not_reported,,final_test,,,,,,,,,,,,,92df23efd1e83f62bf0340cbc83fd8bc6fddb84103eacd961c1bc8cd56d037a9,
2024-01-26_kidney-51_P2D7_Suspension_DMSO-B_5h_BF_5x,kidney_51_Suspension_DMSO_B,kidney_51,not_reported,not_reported,Suspension,DMSO,B,2024-01-26,2,7,P2D7,,University_of_Bonn,Leica_DM_IRB_Nikon_DSU3,5x,5.0,pending_annotation,Source image indexed; no instance mask was supplied or generated.,images/2024-01-26_kidney-51_P2D7_Suspension_DMSO-B_5h_BF_5x.tif,,https://doi.org/10.60507/FK2/OM25XQ,CC-BY-4.0,not_reported,not_reported,,final_test,,,,,,,,,,,,,ff7b15d8eb735e333ef7f226cc1a6de04f739724ba1248ad50a74d3501a337b8,
2024-01-26_kidney-51_P2D7_Suspension_DMSO-C_0h_BF_5x,kidney_51_Suspension_DMSO_C,kidney_51,not_reported,not_reported,Suspension,DMSO,C,2024-01-26,2,7,P2D7,,University_of_Bonn,Leica_DM_IRB_Nikon_DSU3,5x,0.0,pending_annotation,Source image indexed; no instance mask was supplied or generated.,images/2024-01-26_kidney-51_P2D7_Suspension_DMSO-C_0h_BF_5x.tif,,https://doi.org/10.60507/FK2/OM25XQ,CC-BY-4.0,not_reported,not_reported,,final_test,,,,,,,,,,,,,d2a5ee0d24e5995acaa9ddecd6527c33bb750492bcba375c17221978e4f44d68,
2024-01-26_kidney-51_P2D7_Suspension_DMSO-C_5h_BF_5x,kidney_51_Suspension_DMSO_C,kidney_51,not_reported,not_reported,Suspension,DMSO,C,2024-01-26,2,7,P2D7,,University_of_Bonn,Leica_DM_IRB_Nikon_DSU3,5x,5.0,pending_annotation,Source image indexed; no instance mask was supplied or generated.,images/2024-01-26_kidney-51_P2D7_Suspension_DMSO-C_5h_BF_5x.tif,,https://doi.org/10.60507/FK2/OM25XQ,CC-BY-4.0,not_reported,not_reported,,final_test,,,,,,,,,,,,,d338b5979775438d68f65d81363949bf289dcd64f71684ec9d5bde8cd9bc23ff,
2024-01-26_kidney-51_P2D7_Suspension_Forskolin-A_0h_BF_5x,kidney_51_Suspension_Forskolin_A,kidney_51,not_reported,not_reported,Suspension,Forskolin,A,2024-01-26,2,7,P2D7,,University_of_Bonn,Leica_DM_IRB_Nikon_DSU3,5x,0.0,pending_annotation,Source image indexed; no instance mask was supplied or generated.,images/2024-01-26_kidney-51_P2D7_Suspension_Forskolin-A_0h_BF_5x.tif,,https://doi.org/10.60507/FK2/OM25XQ,CC-BY-4.0,not_reported,not_reported,,final_test,,,,,,,,,,,,,3a93d570153ad468672f6dddf1e3e383d7498cb2bfa71adcfc211afb67ff870e,
2024-01-26_kidney-51_P2D7_Suspension_Forskolin-A_5h_BF_5x,kidney_51_Suspension_Forskolin_A,kidney_51,not_reported,not_reported,Suspension,Forskolin,A,2024-01-26,2,7,P2D7,,University_of_Bonn,Leica_DM_IRB_Nikon_DSU3,5x,5.0,pending_annotation,Source image indexed; no instance mask was supplied or generated.,images/2024-01-26_kidney-51_P2D7_Suspension_Forskolin-A_5h_BF_5x.tif,,https://doi.org/10.60507/FK2/OM25XQ,CC-BY-4.0,not_reported,not_reported,,final_test,,,,,,,,,,,,,cbb18e6ec8dcc0997891b04282fea6d6d58db88e9e47d5c39f34709dd01fc0c8,
2024-01-26_kidney-51_P2D7_Suspension_Forskolin-B_0h_BF_5x,kidney_51_Suspension_Forskolin_B,kidney_51,not_reported,not_reported,Suspension,Forskolin,B,2024-01-26,2,7,P2D7,,University_of_Bonn,Leica_DM_IRB_Nikon_DSU3,5x,0.0,pending_annotation,Source image indexed; no instance mask was supplied or generated.,images/2024-01-26_kidney-51_P2D7_Suspension_Forskolin-B_0h_BF_5x.tif,,https://doi.org/10.60507/FK2/OM25XQ,CC-BY-4.0,not_reported,not_reported,,final_test,,,,,,,,,,,,,e2c9517ece40d394cb3209a1b28f2666dc625a020141f6039672d4752f3a468b,
2024-01-26_kidney-51_P2D7_Suspension_Forskolin-B_5h_BF_5x,kidney_51_Suspension_Forskolin_B,kidney_51,not_reported,not_reported,Suspension,Forskolin,B,2024-01-26,2,7,P2D7,,University_of_Bonn,Leica_DM_IRB_Nikon_DSU3,5x,5.0,pending_annotation,Source image indexed; no instance mask was supplied or generated.,images/2024-01-26_kidney-51_P2D7_Suspension_Forskolin-B_5h_BF_5x.tif,,https://doi.org/10.60507/FK2/OM25XQ,CC-BY-4.0,not_reported,not_reported,,final_test,,,,,,,,,,,,,806ecad2f992852259085c58a40affa216e0c66a695ede4781bd609c7fa460fc,
2024-01-26_kidney-51_P2D7_Suspension_Forskolin-C_0h_BF_5x,kidney_51_Suspension_Forskolin_C,kidney_51,not_reported,not_reported,Suspension,Forskolin,C,2024-01-26,2,7,P2D7,,University_of_Bonn,Leica_DM_IRB_Nikon_DSU3,5x,0.0,pending_annotation,Source image indexed; no instance mask was supplied or generated.,images/2024-01-26_kidney-51_P2D7_Suspension_Forskolin-C_0h_BF_5x.tif,,https://doi.org/10.60507/FK2/OM25XQ,CC-BY-4.0,not_reported,not_reported,,final_test,,,,,,,,,,,,,7a3c1432b7f872b7d5d59f0639e84cfe44172ec1ce450817abe61836c87a44d6,
2024-01-26_kidney-51_P2D7_Suspension_Forskolin-C_5h_BF_5x,kidney_51_Suspension_Forskolin_C,kidney_51,not_reported,not_reported,Suspension,Forskolin,C,2024-01-26,2,7,P2D7,,University_of_Bonn,Leica_DM_IRB_Nikon_DSU3,5x,5.0,pending_annotation,Source image indexed; no instance mask was supplied or generated.,images/2024-01-26_kidney-51_P2D7_Suspension_Forskolin-C_5h_BF_5x.tif,,https://doi.org/10.60507/FK2/OM25XQ,CC-BY-4.0,not_reported,not_reported,,final_test,,,,,,,,,,,,,cdcc52ebdd8b3f57f42a33604926997d71d480e0a8197dc566aa8d17f97267b8,
2024-01-26_kidney-51_P2D7_Suspension_Media-A_0h_BF_5x,kidney_51_Suspension_Media_A,kidney_51,not_reported,not_reported,Suspension,Media,A,2024-01-26,2,7,P2D7,,University_of_Bonn,Leica_DM_IRB_Nikon_DSU3,5x,0.0,pending_annotation,Source image indexed; no instance mask was supplied or generated.,images/2024-01-26_kidney-51_P2D7_Suspension_Media-A_0h_BF_5x.tif,,https://doi.org/10.60507/FK2/OM25XQ,CC-BY-4.0,not_reported,not_reported,,final_test,,,,,,,,,,,,,21a7aeee779761a9aa6cf7b267e0dcb809bdbb59786ada1c85f7a3f3fee02600,
2024-01-26_kidney-51_P2D7_Suspension_Media-A_5h_BF_5x,kidney_51_Suspension_Media_A,kidney_51,not_reported,not_reported,Suspension,Media,A,2024-01-26,2,7,P2D7,,University_of_Bonn,Leica_DM_IRB_Nikon_DSU3,5x,5.0,pending_annotation,Source image indexed; no instance mask was supplied or generated.,images/2024-01-26_kidney-51_P2D7_Suspension_Media-A_5h_BF_5x.tif,,https://doi.org/10.60507/FK2/OM25XQ,CC-BY-4.0,not_reported,not_reported,,final_test,,,,,,,,,,,,,886ece8acec0d6e73b7468e4559d59b809ad9e29b7dda1c9390601a09366fe0c,
2024-01-26_kidney-51_P2D7_Suspension_Media-B_0h_BF_5x,kidney_51_Suspension_Media_B,kidney_51,not_reported,not_reported,Suspension,Media,B,2024-01-26,2,7,P2D7,,University_of_Bonn,Leica_DM_IRB_Nikon_DSU3,5x,0.0,pending_annotation,Source image indexed; no instance mask was supplied or generated.,images/2024-01-26_kidney-51_P2D7_Suspension_Media-B_0h_BF_5x.tif,,https://doi.org/10.60507/FK2/OM25XQ,CC-BY-4.0,not_reported,not_reported,,final_test,,,,,,,,,,,,,a7892c0889405233ca94df7fd9e5a72fb62e3120677dab22bd80fe8c0a840f21,
2024-01-26_kidney-51_P2D7_Suspension_Media-B_5h_BF_5x,kidney_51_Suspension_Media_B,kidney_51,not_reported,not_reported,Suspension,Media,B,2024-01-26,2,7,P2D7,,University_of_Bonn,Leica_DM_IRB_Nikon_DSU3,5x,5.0,pending_annotation,Source image indexed; no instance mask was supplied or generated.,images/2024-01-26_kidney-51_P2D7_Suspension_Media-B_5h_BF_5x.tif,,https://doi.org/10.60507/FK2/OM25XQ,CC-BY-4.0,not_reported,not_reported,,final_test,,,,,,,,,,,,,e15bdb854a855b9fcbc1e41675e3061f0cc834ca57866269d6d3b78c62c1982c,
2024-01-26_kidney-51_P2D7_Suspension_Media-C_0h_BF_5x,kidney_51_Suspension_Media_C,kidney_51,not_reported,not_reported,Suspension,Media,C,2024-01-26,2,7,P2D7,,University_of_Bonn,Leica_DM_IRB_Nikon_DSU3,5x,0.0,pending_annotation,Source image indexed; no instance mask was supplied or generated.,images/2024-01-26_kidney-51_P2D7_Suspension_Media-C_0h_BF_5x.tif,,https://doi.org/10.60507/FK2/OM25XQ,CC-BY-4.0,not_reported,not_reported,,final_test,,,,,,,,,,,,,14c052794e68ff40464abf150dd108e655884094bd6fa3b5f552b497830bc658,
2024-01-26_kidney-51_P2D7_Suspension_Media-C_5h_BF_5x,kidney_51_Suspension_Media_C,kidney_51,not_reported,not_reported,Suspension,Media,C,2024-01-26,2,7,P2D7,,University_of_Bonn,Leica_DM_IRB_Nikon_DSU3,5x,5.0,pending_annotation,Source image indexed; no instance mask was supplied or generated.,images/2024-01-26_kidney-51_P2D7_Suspension_Media-C_5h_BF_5x.tif,,https://doi.org/10.60507/FK2/OM25XQ,CC-BY-4.0,not_reported,not_reported,,final_test,,,,,,,,,,,,,dfe690751801f12e0981f11f02c3a32836a44b26e541e41c8fe776cf5afb290e,
2024-01-27_kidney-51_P2D8_Domes_DMSO-A_24h_BF_5x,kidney_51_Domes_DMSO_A,kidney_51,not_reported,not_reported,Domes,DMSO,A,2024-01-27,2,8,P2D8,,University_of_Bonn,Leica_DM_IRB_Nikon_DSU3,5x,24.0,pending_annotation,Source image indexed; no instance mask was supplied or generated.,images/2024-01-27_kidney-51_P2D8_Domes_DMSO-A_24h_BF_5x.tif,,https://doi.org/10.60507/FK2/OM25XQ,CC-BY-4.0,not_reported,not_reported,,final_test,,,,,,,,,,,,,7b181acd22d89d3f0abd7b67fa07dc4bfc8183ec3157dc24d176d0982331313a,
2024-01-27_kidney-51_P2D8_Domes_DMSO-B_24h_BF_5x,kidney_51_Domes_DMSO_B,kidney_51,not_reported,not_reported,Domes,DMSO,B,2024-01-27,2,8,P2D8,,University_of_Bonn,Leica_DM_IRB_Nikon_DSU3,5x,24.0,pending_annotation,Source image indexed; no instance mask was supplied or generated.,images/2024-01-27_kidney-51_P2D8_Domes_DMSO-B_24h_BF_5x.tif,,https://doi.org/10.60507/FK2/OM25XQ,CC-BY-4.0,not_reported,not_reported,,final_test,,,,,,,,,,,,,e3e9d0b88ad741977146d7696b85137a85cea8801e007443f097d4e58c29aadf,
2024-01-27_kidney-51_P2D8_Domes_Forskolin-A_24h_BF_5x,kidney_51_Domes_Forskolin_A,kidney_51,not_reported,not_reported,Domes,Forskolin,A,2024-01-27,2,8,P2D8,,University_of_Bonn,Leica_DM_IRB_Nikon_DSU3,5x,24.0,pending_annotation,Source image indexed; no instance mask was supplied or generated.,images/2024-01-27_kidney-51_P2D8_Domes_Forskolin-A_24h_BF_5x.tif,,https://doi.org/10.60507/FK2/OM25XQ,CC-BY-4.0,not_reported,not_reported,,final_test,,,,,,,,,,,,,b3787191a8f775996812a5b000b4c959883a1819af7ea73da8f44f552a6c703f,
2024-01-27_kidney-51_P2D8_Domes_Forskolin-B_24h_BF_5x,kidney_51_Domes_Forskolin_B,kidney_51,not_reported,not_reported,Domes,Forskolin,B,2024-01-27,2,8,P2D8,,University_of_Bonn,Leica_DM_IRB_Nikon_DSU3,5x,24.0,pending_annotation,Source image indexed; no instance mask was supplied or generated.,images/2024-01-27_kidney-51_P2D8_Domes_Forskolin-B_24h_BF_5x.tif,,https://doi.org/10.60507/FK2/OM25XQ,CC-BY-4.0,not_reported,not_reported,,final_test,,,,,,,,,,,,,5a63bd9e9111f02206562cba8c7d3d329d6185cafec292febf3dc3ae01da9e3a,
2024-01-27_kidney-51_P2D8_Domes_Forskolin-C_24h_BF_5x,kidney_51_Domes_Forskolin_C,kidney_51,not_reported,not_reported,Domes,Forskolin,C,2024-01-27,2,8,P2D8,,University_of_Bonn,Leica_DM_IRB_Nikon_DSU3,5x,24.0,pending_annotation,Source image indexed; no instance mask was supplied or generated.,images/2024-01-27_kidney-51_P2D8_Domes_Forskolin-C_24h_BF_5x.tif,,https://doi.org/10.60507/FK2/OM25XQ,CC-BY-4.0,not_reported,not_reported,,final_test,,,,,,,,,,,,,02c246a669284b1c45d6201c44d99eb2618fcd9a2cea10432a7dd32e77ccdb7c,
2024-01-27_kidney-51_P2D8_Domes_Media-A_24h_BF_5x,kidney_51_Domes_Media_A,kidney_51,not_reported,not_reported,Domes,Media,A,2024-01-27,2,8,P2D8,,University_of_Bonn,Leica_DM_IRB_Nikon_DSU3,5x,24.0,pending_annotation,Source image indexed; no instance mask was supplied or generated.,images/2024-01-27_kidney-51_P2D8_Domes_Media-A_24h_BF_5x.tif,,https://doi.org/10.60507/FK2/OM25XQ,CC-BY-4.0,not_reported,not_reported,,final_test,,,,,,,,,,,,,35219466910899eb84bacf7213ae0f31de2ef5b99d01f28ea8feeda2516ae244,
2024-01-27_kidney-51_P2D8_Domes_Media-B_24h_BF_5x,kidney_51_Domes_Media_B,kidney_51,not_reported,not_reported,Domes,Media,B,2024-01-27,2,8,P2D8,,University_of_Bonn,Leica_DM_IRB_Nikon_DSU3,5x,24.0,pending_annotation,Source image indexed; no instance mask was supplied or generated.,images/2024-01-27_kidney-51_P2D8_Domes_Media-B_24h_BF_5x.tif,,https://doi.org/10.60507/FK2/OM25XQ,CC-BY-4.0,not_reported,not_reported,,final_test,,,,,,,,,,,,,3b950d62e2d57afe761ca7cbcb7168c87f7056bb8d69804e4fb3c7fe1a3a3342,
2024-01-27_kidney-51_P2D8_Domes_Media-C_24h_BF_5x,kidney_51_Domes_Media_C,kidney_51,not_reported,not_reported,Domes,Media,C,2024-01-27,2,8,P2D8,,University_of_Bonn,Leica_DM_IRB_Nikon_DSU3,5x,24.0,pending_annotation,Source image indexed; no instance mask was supplied or generated.,images/2024-01-27_kidney-51_P2D8_Domes_Media-C_24h_BF_5x.tif,,https://doi.org/10.60507/FK2/OM25XQ,CC-BY-4.0,not_reported,not_reported,,final_test,,,,,,,,,,,,,faca99ca1f57bdff89cf5d782197a6853b1bea3669558ec781b8c10a8ee8d173,
2024-01-27_kidney-51_P2D8_Suspension_DMSO-A_24h_BF_5x,kidney_51_Suspension_DMSO_A,kidney_51,not_reported,not_reported,Suspension,DMSO,A,2024-01-27,2,8,P2D8,,University_of_Bonn,Leica_DM_IRB_Nikon_DSU3,5x,24.0,pending_annotation,Source image indexed; no instance mask was supplied or generated.,images/2024-01-27_kidney-51_P2D8_Suspension_DMSO-A_24h_BF_5x.tif,,https://doi.org/10.60507/FK2/OM25XQ,CC-BY-4.0,not_reported,not_reported,,final_test,,,,,,,,,,,,,49f54d1fab544acb20ee81d9886f77364a13d175bd90236dee0064093b9f172e,
2024-01-27_kidney-51_P2D8_Suspension_DMSO-B_24h_BF_5x,kidney_51_Suspension_DMSO_B,kidney_51,not_reported,not_reported,Suspension,DMSO,B,2024-01-27,2,8,P2D8,,University_of_Bonn,Leica_DM_IRB_Nikon_DSU3,5x,24.0,pending_annotation,Source image indexed; no instance mask was supplied or generated.,images/2024-01-27_kidney-51_P2D8_Suspension_DMSO-B_24h_BF_5x.tif,,https://doi.org/10.60507/FK2/OM25XQ,CC-BY-4.0,not_reported,not_reported,,final_test,,,,,,,,,,,,,22d7ba4e538d06603323b0d626a012fa36c7057226e242a21802e0a06aae41da,
2024-01-27_kidney-51_P2D8_Suspension_DMSO-C_24h_BF_5x,kidney_51_Suspension_DMSO_C,kidney_51,not_reported,not_reported,Suspension,DMSO,C,2024-01-27,2,8,P2D8,,University_of_Bonn,Leica_DM_IRB_Nikon_DSU3,5x,24.0,pending_annotation,Source image indexed; no instance mask was supplied or generated.,images/2024-01-27_kidney-51_P2D8_Suspension_DMSO-C_24h_BF_5x.tif,,https://doi.org/10.60507/FK2/OM25XQ,CC-BY-4.0,not_reported,not_reported,,final_test,,,,,,,,,,,,,fb86ccf627c48625863f20bf51417032bfa78c0e48cffc07b48d044ec193cb8b,
2024-01-27_kidney-51_P2D8_Suspension_Forskolin-A_24h_BF_5x,kidney_51_Suspension_Forskolin_A,kidney_51,not_reported,not_reported,Suspension,Forskolin,A,2024-01-27,2,8,P2D8,,University_of_Bonn,Leica_DM_IRB_Nikon_DSU3,5x,24.0,pending_annotation,Source image indexed; no instance mask was supplied or generated.,images/2024-01-27_kidney-51_P2D8_Suspension_Forskolin-A_24h_BF_5x.tif,,https://doi.org/10.60507/FK2/OM25XQ,CC-BY-4.0,not_reported,not_reported,,final_test,,,,,,,,,,,,,565393c5b4b64d9ffa88fa9f185192a4883edb6cec79b5f72281b51b6c245eb0,
2024-01-27_kidney-51_P2D8_Suspension_Forskolin-B_24h_BF_5x,kidney_51_Suspension_Forskolin_B,kidney_51,not_reported,not_reported,Suspension,Forskolin,B,2024-01-27,2,8,P2D8,,University_of_Bonn,Leica_DM_IRB_Nikon_DSU3,5x,24.0,pending_annotation,Source image indexed; no instance mask was supplied or generated.,images/2024-01-27_kidney-51_P2D8_Suspension_Forskolin-B_24h_BF_5x.tif,,https://doi.org/10.60507/FK2/OM25XQ,CC-BY-4.0,not_reported,not_reported,,final_test,,,,,,,,,,,,,c8cd2da2bd13eb9009594f7250097dba74247c99f36f559cb45585f1dd4fb3d9,
2024-01-27_kidney-51_P2D8_Suspension_Forskolin-C_24h_BF_5x,kidney_51_Suspension_Forskolin_C,kidney_51,not_reported,not_reported,Suspension,Forskolin,C,2024-01-27,2,8,P2D8,,University_of_Bonn,Leica_DM_IRB_Nikon_DSU3,5x,24.0,pending_annotation,Source image indexed; no instance mask was supplied or generated.,images/2024-01-27_kidney-51_P2D8_Suspension_Forskolin-C_24h_BF_5x.tif,,https://doi.org/10.60507/FK2/OM25XQ,CC-BY-4.0,not_reported,not_reported,,final_test,,,,,,,,,,,,,76ce74d1cb85b6ee99eb6f53acd12080f56b2ba75808a62ecc3c77b01d75fa1d,
2024-01-27_kidney-51_P2D8_Suspension_Media-A_24h_BF_5x,kidney_51_Suspension_Media_A,kidney_51,not_reported,not_reported,Suspension,Media,A,2024-01-27,2,8,P2D8,,University_of_Bonn,Leica_DM_IRB_Nikon_DSU3,5x,24.0,pending_annotation,Source image indexed; no instance mask was supplied or generated.,images/2024-01-27_kidney-51_P2D8_Suspension_Media-A_24h_BF_5x.tif,,https://doi.org/10.60507/FK2/OM25XQ,CC-BY-4.0,not_reported,not_reported,,final_test,,,,,,,,,,,,,130077792021d759c3762de97a63b7d31cccd409f62e189782aa345ec68f336a,
2024-01-27_kidney-51_P2D8_Suspension_Media-B_24h_BF_5x,kidney_51_Suspension_Media_B,kidney_51,not_reported,not_reported,Suspension,Media,B,2024-01-27,2,8,P2D8,,University_of_Bonn,Leica_DM_IRB_Nikon_DSU3,5x,24.0,pending_annotation,Source image indexed; no instance mask was supplied or generated.,images/2024-01-27_kidney-51_P2D8_Suspension_Media-B_24h_BF_5x.tif,,https://doi.org/10.60507/FK2/OM25XQ,CC-BY-4.0,not_reported,not_reported,,final_test,,,,,,,,,,,,,ae6c409a12e4237278ccae48019a53ce3aa0bd2b57030189cf9e8de9e3e12dce,
2024-01-27_kidney-51_P2D8_Suspension_Media-C_24h_BF_5x,kidney_51_Suspension_Media_C,kidney_51,not_reported,not_reported,Suspension,Media,C,2024-01-27,2,8,P2D8,,University_of_Bonn,Leica_DM_IRB_Nikon_DSU3,5x,24.0,pending_annotation,Source image indexed; no instance mask was supplied or generated.,images/2024-01-27_kidney-51_P2D8_Suspension_Media-C_24h_BF_5x.tif,,https://doi.org/10.60507/FK2/OM25XQ,CC-BY-4.0,not_reported,not_reported,,final_test,,,,,,,,,,,,,aed551ed49540d341a625e414ec8a7538edc3b03c60972271b8c3863da989190,
2024-01-28_kidney-51_P2D10_Suspension_Forskolin-A_72h_BF_5x,kidney_51_Suspension_Forskolin_A,kidney_51,not_reported,not_reported,Suspension,Forskolin,A,2024-01-28,2,10,P2D10,,University_of_Bonn,Leica_DM_IRB_Nikon_DSU3,5x,72.0,pending_annotation,Source image indexed; no instance mask was supplied or generated.,images/2024-01-28_kidney-51_P2D10_Suspension_Forskolin-A_72h_BF_5x.tif,,https://doi.org/10.60507/FK2/OM25XQ,CC-BY-4.0,not_reported,not_reported,,final_test,,,,,,,,,,,,,abab7dd45826fb265b238aafc2a91759668e67f3a8b6ea31c35e455ed3fe5ebf,
2024-01-28_kidney-51_P2D9_Domes_DMSO-A_48h_BF_5x,kidney_51_Domes_DMSO_A,kidney_51,not_reported,not_reported,Domes,DMSO,A,2024-01-28,2,9,P2D9,,University_of_Bonn,Leica_DM_IRB_Nikon_DSU3,5x,48.0,pending_annotation,Source image indexed; no instance mask was supplied or generated.,images/2024-01-28_kidney-51_P2D9_Domes_DMSO-A_48h_BF_5x.tif,,https://doi.org/10.60507/FK2/OM25XQ,CC-BY-4.0,not_reported,not_reported,,final_test,,,,,,,,,,,,,ddb42737d04f818ddda45839a1a6726fcfe6c305d515156142951db999963149,
2024-01-28_kidney-51_P2D9_Domes_DMSO-B_48h_BF_5x,kidney_51_Domes_DMSO_B,kidney_51,not_reported,not_reported,Domes,DMSO,B,2024-01-28,2,9,P2D9,,University_of_Bonn,Leica_DM_IRB_Nikon_DSU3,5x,48.0,pending_annotation,Source image indexed; no instance mask was supplied or generated.,images/2024-01-28_kidney-51_P2D9_Domes_DMSO-B_48h_BF_5x.tif,,https://doi.org/10.60507/FK2/OM25XQ,CC-BY-4.0,not_reported,not_reported,,final_test,,,,,,,,,,,,,3bf5ac37c55eb17ba49891b979527221766c07f1711192f2c1b58fcb930dcf9a,
2024-01-28_kidney-51_P2D9_Domes_Forskolin-A_48h_BF_5x,kidney_51_Domes_Forskolin_A,kidney_51,not_reported,not_reported,Domes,Forskolin,A,2024-01-28,2,9,P2D9,,University_of_Bonn,Leica_DM_IRB_Nikon_DSU3,5x,48.0,pending_annotation,Source image indexed; no instance mask was supplied or generated.,images/2024-01-28_kidney-51_P2D9_Domes_Forskolin-A_48h_BF_5x.tif,,https://doi.org/10.60507/FK2/OM25XQ,CC-BY-4.0,not_reported,not_reported,,final_test,,,,,,,,,,,,,f67174d638384f0f9136332b18a530ae17aa99b0890e8172c4b3bfc0dfaa839a,
2024-01-28_kidney-51_P2D9_Domes_Forskolin-B_48h_BF_5x,kidney_51_Domes_Forskolin_B,kidney_51,not_reported,not_reported,Domes,Forskolin,B,2024-01-28,2,9,P2D9,,University_of_Bonn,Leica_DM_IRB_Nikon_DSU3,5x,48.0,pending_annotation,Source image indexed; no instance mask was supplied or generated.,images/2024-01-28_kidney-51_P2D9_Domes_Forskolin-B_48h_BF_5x.tif,,https://doi.org/10.60507/FK2/OM25XQ,CC-BY-4.0,not_reported,not_reported,,final_test,,,,,,,,,,,,,a789ca8e1ceac5d44bffc310f39759081268edf3bf85a6b06b167eebc8e3ff33,
2024-01-28_kidney-51_P2D9_Domes_Forskolin-C_48h_BF_5x,kidney_51_Domes_Forskolin_C,kidney_51,not_reported,not_reported,Domes,Forskolin,C,2024-01-28,2,9,P2D9,,University_of_Bonn,Leica_DM_IRB_Nikon_DSU3,5x,48.0,pending_annotation,Source image indexed; no instance mask was supplied or generated.,images/2024-01-28_kidney-51_P2D9_Domes_Forskolin-C_48h_BF_5x.tif,,https://doi.org/10.60507/FK2/OM25XQ,CC-BY-4.0,not_reported,not_reported,,final_test,,,,,,,,,,,,,d9f16399f905bb8bcbf139f1948d5047dc372d5d80153ea23e755f048da57aa1,
2024-01-28_kidney-51_P2D9_Domes_Media-A_48h_BF_5x,kidney_51_Domes_Media_A,kidney_51,not_reported,not_reported,Domes,Media,A,2024-01-28,2,9,P2D9,,University_of_Bonn,Leica_DM_IRB_Nikon_DSU3,5x,48.0,pending_annotation,Source image indexed; no instance mask was supplied or generated.,images/2024-01-28_kidney-51_P2D9_Domes_Media-A_48h_BF_5x.tif,,https://doi.org/10.60507/FK2/OM25XQ,CC-BY-4.0,not_reported,not_reported,,final_test,,,,,,,,,,,,,df815d1db82e4b4faedc6803f5b645aeb84f8df62ba6093e2091ccd0b36effed,
2024-01-28_kidney-51_P2D9_Domes_Media-B_48h_BF_5x,kidney_51_Domes_Media_B,kidney_51,not_reported,not_reported,Domes,Media,B,2024-01-28,2,9,P2D9,,University_of_Bonn,Leica_DM_IRB_Nikon_DSU3,5x,48.0,pending_annotation,Source image indexed; no instance mask was supplied or generated.,images/2024-01-28_kidney-51_P2D9_Domes_Media-B_48h_BF_5x.tif,,https://doi.org/10.60507/FK2/OM25XQ,CC-BY-4.0,not_reported,not_reported,,final_test,,,,,,,,,,,,,7ee7fa116020a316ef6b031b099f817d07c2339fa30fc8234d403227ea0cff0a,
2024-01-28_kidney-51_P2D9_Domes_Media-C_48h_BF_5x,kidney_51_Domes_Media_C,kidney_51,not_reported,not_reported,Domes,Media,C,2024-01-28,2,9,P2D9,,University_of_Bonn,Leica_DM_IRB_Nikon_DSU3,5x,48.0,pending_annotation,Source image indexed; no instance mask was supplied or generated.,images/2024-01-28_kidney-51_P2D9_Domes_Media-C_48h_BF_5x.tif,,https://doi.org/10.60507/FK2/OM25XQ,CC-BY-4.0,not_reported,not_reported,,final_test,,,,,,,,,,,,,4caffdc359a67e10df8f85bd9076ad53da7d83b7a8bf4b7408dd6f62b41d130c,
2024-01-28_kidney-51_P2D9_Suspension_DMSO-A_48h_BF_5x,kidney_51_Suspension_DMSO_A,kidney_51,not_reported,not_reported,Suspension,DMSO,A,2024-01-28,2,9,P2D9,,University_of_Bonn,Leica_DM_IRB_Nikon_DSU3,5x,48.0,pending_annotation,Source image indexed; no instance mask was supplied or generated.,images/2024-01-28_kidney-51_P2D9_Suspension_DMSO-A_48h_BF_5x.tif,,https://doi.org/10.60507/FK2/OM25XQ,CC-BY-4.0,not_reported,not_reported,,final_test,,,,,,,,,,,,,f31ecfe5283d6577c6aa69c007641f2d07d993ee04d11f014d1dede4c186f6aa,
2024-01-28_kidney-51_P2D9_Suspension_DMSO-B_48h_BF_5x,kidney_51_Suspension_DMSO_B,kidney_51,not_reported,not_reported,Suspension,DMSO,B,2024-01-28,2,9,P2D9,,University_of_Bonn,Leica_DM_IRB_Nikon_DSU3,5x,48.0,pending_annotation,Source image indexed; no instance mask was supplied or generated.,images/2024-01-28_kidney-51_P2D9_Suspension_DMSO-B_48h_BF_5x.tif,,https://doi.org/10.60507/FK2/OM25XQ,CC-BY-4.0,not_reported,not_reported,,final_test,,,,,,,,,,,,,f500f226a0ca1f53949db8fb6b40f562c4bdf5ad7a0cbd5cb398c85dca3edb70,
2024-01-28_kidney-51_P2D9_Suspension_DMSO-C_48h_BF_5x,kidney_51_Suspension_DMSO_C,kidney_51,not_reported,not_reported,Suspension,DMSO,C,2024-01-28,2,9,P2D9,,University_of_Bonn,Leica_DM_IRB_Nikon_DSU3,5x,48.0,pending_annotation,Source image indexed; no instance mask was supplied or generated.,images/2024-01-28_kidney-51_P2D9_Suspension_DMSO-C_48h_BF_5x.tif,,https://doi.org/10.60507/FK2/OM25XQ,CC-BY-4.0,not_reported,not_reported,,final_test,,,,,,,,,,,,,345d6b9d7b129a13a067472319fbee9b44a0fc27e1d23a6a1b9808cb4c562ee0,
2024-01-28_kidney-51_P2D9_Suspension_Forskolin-A_48h_BF_5x,kidney_51_Suspension_Forskolin_A,kidney_51,not_reported,not_reported,Suspension,Forskolin,A,2024-01-28,2,9,P2D9,,University_of_Bonn,Leica_DM_IRB_Nikon_DSU3,5x,48.0,pending_annotation,Source image indexed; no instance mask was supplied or generated.,images/2024-01-28_kidney-51_P2D9_Suspension_Forskolin-A_48h_BF_5x.tif,,https://doi.org/10.60507/FK2/OM25XQ,CC-BY-4.0,not_reported,not_reported,,final_test,,,,,,,,,,,,,5c6caa539f5e3164311119e5ae2692f77eac19eff722c8c97715550ed3640f23,
2024-01-28_kidney-51_P2D9_Suspension_Forskolin-B_48h_BF_5x,kidney_51_Suspension_Forskolin_B,kidney_51,not_reported,not_reported,Suspension,Forskolin,B,2024-01-28,2,9,P2D9,,University_of_Bonn,Leica_DM_IRB_Nikon_DSU3,5x,48.0,pending_annotation,Source image indexed; no instance mask was supplied or generated.,images/2024-01-28_kidney-51_P2D9_Suspension_Forskolin-B_48h_BF_5x.tif,,https://doi.org/10.60507/FK2/OM25XQ,CC-BY-4.0,not_reported,not_reported,,final_test,,,,,,,,,,,,,19216385870eb4804c632e114260097ece2bf0c01343862da52b56c63a6e2091,
2024-01-28_kidney-51_P2D9_Suspension_Forskolin-C_48h_BF_5x,kidney_51_Suspension_Forskolin_C,kidney_51,not_reported,not_reported,Suspension,Forskolin,C,2024-01-28,2,9,P2D9,,University_of_Bonn,Leica_DM_IRB_Nikon_DSU3,5x,48.0,pending_annotation,Source image indexed; no instance mask was supplied or generated.,images/2024-01-28_kidney-51_P2D9_Suspension_Forskolin-C_48h_BF_5x.tif,,https://doi.org/10.60507/FK2/OM25XQ,CC-BY-4.0,not_reported,not_reported,,final_test,,,,,,,,,,,,,511c40447994022412ab6c77351f2fc5d792a6b63ece1ebb70e85ae675747b6d,
2024-01-28_kidney-51_P2D9_Suspension_Media-A_48h_BF_5x,kidney_51_Suspension_Media_A,kidney_51,not_reported,not_reported,Suspension,Media,A,2024-01-28,2,9,P2D9,,University_of_Bonn,Leica_DM_IRB_Nikon_DSU3,5x,48.0,pending_annotation,Source image indexed; no instance mask was supplied or generated.,images/2024-01-28_kidney-51_P2D9_Suspension_Media-A_48h_BF_5x.tif,,https://doi.org/10.60507/FK2/OM25XQ,CC-BY-4.0,not_reported,not_reported,,final_test,,,,,,,,,,,,,5dc7fe7611102d9c7de619022c33cc6d070830e642c3992897a6ae670ae2d001,
2024-01-28_kidney-51_P2D9_Suspension_Media-B_48h_BF_5x,kidney_51_Suspension_Media_B,kidney_51,not_reported,not_reported,Suspension,Media,B,2024-01-28,2,9,P2D9,,University_of_Bonn,Leica_DM_IRB_Nikon_DSU3,5x,48.0,pending_annotation,Source image indexed; no instance mask was supplied or generated.,images/2024-01-28_kidney-51_P2D9_Suspension_Media-B_48h_BF_5x.tif,,https://doi.org/10.60507/FK2/OM25XQ,CC-BY-4.0,not_reported,not_reported,,final_test,,,,,,,,,,,,,b5f60b9f6121a14c5faabf5294db4efed3ad1f3cc0e81056a68434e93cc71ca2,
2024-01-28_kidney-51_P2D9_Suspension_Media-C_48h_BF_5x,kidney_51_Suspension_Media_C,kidney_51,not_reported,not_reported,Suspension,Media,C,2024-01-28,2,9,P2D9,,University_of_Bonn,Leica_DM_IRB_Nikon_DSU3,5x,48.0,pending_annotation,Source image indexed; no instance mask was supplied or generated.,images/2024-01-28_kidney-51_P2D9_Suspension_Media-C_48h_BF_5x.tif,,https://doi.org/10.60507/FK2/OM25XQ,CC-BY-4.0,not_reported,not_reported,,final_test,,,,,,,,,,,,,f1deefb53a8dddee6e730c2ab169c9f8dbd5193ee3a2e1b6c4a63636a8a45357,
2024-01-29_kidney-51_P2D10_Domes_DMSO-A_72h_BF_5x,kidney_51_Domes_DMSO_A,kidney_51,not_reported,not_reported,Domes,DMSO,A,2024-01-29,2,10,P2D10,,University_of_Bonn,Leica_DM_IRB_Nikon_DSU3,5x,72.0,pending_annotation,Source image indexed; no instance mask was supplied or generated.,images/2024-01-29_kidney-51_P2D10_Domes_DMSO-A_72h_BF_5x.tif,,https://doi.org/10.60507/FK2/OM25XQ,CC-BY-4.0,not_reported,not_reported,,final_test,,,,,,,,,,,,,1093a5aa4b1619c7ebd397efbcb0077ac576fb513d78ee67a24a41a634d61a2c,
2024-01-29_kidney-51_P2D10_Domes_DMSO-B_72h_BF_5x,kidney_51_Domes_DMSO_B,kidney_51,not_reported,not_reported,Domes,DMSO,B,2024-01-29,2,10,P2D10,,University_of_Bonn,Leica_DM_IRB_Nikon_DSU3,5x,72.0,pending_annotation,Source image indexed; no instance mask was supplied or generated.,images/2024-01-29_kidney-51_P2D10_Domes_DMSO-B_72h_BF_5x.tif,,https://doi.org/10.60507/FK2/OM25XQ,CC-BY-4.0,not_reported,not_reported,,final_test,,,,,,,,,,,,,1a6e04ff723298c9df56585988f35adb2a6dd1be030a6b019aadab9d65fd6af4,
2024-01-29_kidney-51_P2D10_Domes_Forskolin-A_72h_BF_5x,kidney_51_Domes_Forskolin_A,kidney_51,not_reported,not_reported,Domes,Forskolin,A,2024-01-29,2,10,P2D10,,University_of_Bonn,Leica_DM_IRB_Nikon_DSU3,5x,72.0,pending_annotation,Source image indexed; no instance mask was supplied or generated.,images/2024-01-29_kidney-51_P2D10_Domes_Forskolin-A_72h_BF_5x.tif,,https://doi.org/10.60507/FK2/OM25XQ,CC-BY-4.0,not_reported,not_reported,,final_test,,,,,,,,,,,,,408f3f1aa442472ef10105697d5b40f341b9a71ae242d0f6a9c0e8ab9fd26dd3,
2024-01-29_kidney-51_P2D10_Domes_Forskolin-B_72h_BF_5x,kidney_51_Domes_Forskolin_B,kidney_51,not_reported,not_reported,Domes,Forskolin,B,2024-01-29,2,10,P2D10,,University_of_Bonn,Leica_DM_IRB_Nikon_DSU3,5x,72.0,pending_annotation,Source image indexed; no instance mask was supplied or generated.,images/2024-01-29_kidney-51_P2D10_Domes_Forskolin-B_72h_BF_5x.tif,,https://doi.org/10.60507/FK2/OM25XQ,CC-BY-4.0,not_reported,not_reported,,final_test,,,,,,,,,,,,,fc7b573be6e030e03f6ee92972d8f9179a94e519feaafabe3c447ee556cc538f,
2024-01-29_kidney-51_P2D10_Domes_Forskolin-C_72h_BF_5x,kidney_51_Domes_Forskolin_C,kidney_51,not_reported,not_reported,Domes,Forskolin,C,2024-01-29,2,10,P2D10,,University_of_Bonn,Leica_DM_IRB_Nikon_DSU3,5x,72.0,pending_annotation,Source image indexed; no instance mask was supplied or generated.,images/2024-01-29_kidney-51_P2D10_Domes_Forskolin-C_72h_BF_5x.tif,,https://doi.org/10.60507/FK2/OM25XQ,CC-BY-4.0,not_reported,not_reported,,final_test,,,,,,,,,,,,,2c9e05959e28d4d013623d57832caaa15d530171162e6d28ccc3b126f2a442e4,
2024-01-29_kidney-51_P2D10_Domes_Media-A_72h_BF_5x,kidney_51_Domes_Media_A,kidney_51,not_reported,not_reported,Domes,Media,A,2024-01-29,2,10,P2D10,,University_of_Bonn,Leica_DM_IRB_Nikon_DSU3,5x,72.0,pending_annotation,Source image indexed; no instance mask was supplied or generated.,images/2024-01-29_kidney-51_P2D10_Domes_Media-A_72h_BF_5x.tif,,https://doi.org/10.60507/FK2/OM25XQ,CC-BY-4.0,not_reported,not_reported,,final_test,,,,,,,,,,,,,2b1deef883ebb8097f7a360cae844ae2696040546c1865d70c86d5dbd1b2b0be,
2024-01-29_kidney-51_P2D10_Domes_Media-B_72h_BF_5x,kidney_51_Domes_Media_B,kidney_51,not_reported,not_reported,Domes,Media,B,2024-01-29,2,10,P2D10,,University_of_Bonn,Leica_DM_IRB_Nikon_DSU3,5x,72.0,pending_annotation,Source image indexed; no instance mask was supplied or generated.,images/2024-01-29_kidney-51_P2D10_Domes_Media-B_72h_BF_5x.tif,,https://doi.org/10.60507/FK2/OM25XQ,CC-BY-4.0,not_reported,not_reported,,final_test,,,,,,,,,,,,,61778e7e1c7d8c4d90c1882c3b987c316bdab5ac400fc910447fc0d08e2e0240,
2024-01-29_kidney-51_P2D10_Domes_Media-C_72h_BF_5x,kidney_51_Domes_Media_C,kidney_51,not_reported,not_reported,Domes,Media,C,2024-01-29,2,10,P2D10,,University_of_Bonn,Leica_DM_IRB_Nikon_DSU3,5x,72.0,pending_annotation,Source image indexed; no instance mask was supplied or generated.,images/2024-01-29_kidney-51_P2D10_Domes_Media-C_72h_BF_5x.tif,,https://doi.org/10.60507/FK2/OM25XQ,CC-BY-4.0,not_reported,not_reported,,final_test,,,,,,,,,,,,,baa527ada979cc90b079772dda799a1dbc4fa45b5e982636e4c26d71a4a8c601,
2024-01-29_kidney-51_P2D10_Suspension_DMSO-A_72h_BF_5x,kidney_51_Suspension_DMSO_A,kidney_51,not_reported,not_reported,Suspension,DMSO,A,2024-01-29,2,10,P2D10,,University_of_Bonn,Leica_DM_IRB_Nikon_DSU3,5x,72.0,pending_annotation,Source image indexed; no instance mask was supplied or generated.,images/2024-01-29_kidney-51_P2D10_Suspension_DMSO-A_72h_BF_5x.tif,,https://doi.org/10.60507/FK2/OM25XQ,CC-BY-4.0,not_reported,not_reported,,final_test,,,,,,,,,,,,,7e4f03e809929b3e322efbfbb746e1848eb56d080a22c7eef93abf8e11a7034d,
2024-01-29_kidney-51_P2D10_Suspension_DMSO-B_72h_BF_5x,kidney_51_Suspension_DMSO_B,kidney_51,not_reported,not_reported,Suspension,DMSO,B,2024-01-29,2,10,P2D10,,University_of_Bonn,Leica_DM_IRB_Nikon_DSU3,5x,72.0,pending_annotation,Source image indexed; no instance mask was supplied or generated.,images/2024-01-29_kidney-51_P2D10_Suspension_DMSO-B_72h_BF_5x.tif,,https://doi.org/10.60507/FK2/OM25XQ,CC-BY-4.0,not_reported,not_reported,,final_test,,,,,,,,,,,,,3b84d9145a29892eefabf6452ebc13c68f0cb14373182037699edb7ac8429fa3,
2024-01-29_kidney-51_P2D10_Suspension_DMSO-C_72h_BF_5x,kidney_51_Suspension_DMSO_C,kidney_51,not_reported,not_reported,Suspension,DMSO,C,2024-01-29,2,10,P2D10,,University_of_Bonn,Leica_DM_IRB_Nikon_DSU3,5x,72.0,pending_annotation,Source image indexed; no instance mask was supplied or generated.,images/2024-01-29_kidney-51_P2D10_Suspension_DMSO-C_72h_BF_5x.tif,,https://doi.org/10.60507/FK2/OM25XQ,CC-BY-4.0,not_reported,not_reported,,final_test,,,,,,,,,,,,,f3963615db990abd33f72ed1d86155dc43778ed4d0ddd3afe993781462c736e2,
2024-01-29_kidney-51_P2D10_Suspension_Forskolin-B_72h_BF_5x,kidney_51_Suspension_Forskolin_B,kidney_51,not_reported,not_reported,Suspension,Forskolin,B,2024-01-29,2,10,P2D10,,University_of_Bonn,Leica_DM_IRB_Nikon_DSU3,5x,72.0,pending_annotation,Source image indexed; no instance mask was supplied or generated.,images/2024-01-29_kidney-51_P2D10_Suspension_Forskolin-B_72h_BF_5x.tif,,https://doi.org/10.60507/FK2/OM25XQ,CC-BY-4.0,not_reported,not_reported,,final_test,,,,,,,,,,,,,46c6cb333f93cb2b497f51b51131ba6cec9435492ee278b0bff1083bad8f844f,
2024-01-29_kidney-51_P2D10_Suspension_Forskolin-C_72h_BF_5x,kidney_51_Suspension_Forskolin_C,kidney_51,not_reported,not_reported,Suspension,Forskolin,C,2024-01-29,2,10,P2D10,,University_of_Bonn,Leica_DM_IRB_Nikon_DSU3,5x,72.0,pending_annotation,Source image indexed; no instance mask was supplied or generated.,images/2024-01-29_kidney-51_P2D10_Suspension_Forskolin-C_72h_BF_5x.tif,,https://doi.org/10.60507/FK2/OM25XQ,CC-BY-4.0,not_reported,not_reported,,final_test,,,,,,,,,,,,,0a6680d839172832d510e03bf82b09e08a77f3970b7dec928dd9d63218911d61,
2024-01-29_kidney-51_P2D10_Suspension_Media-A_72h_BF_5x,kidney_51_Suspension_Media_A,kidney_51,not_reported,not_reported,Suspension,Media,A,2024-01-29,2,10,P2D10,,University_of_Bonn,Leica_DM_IRB_Nikon_DSU3,5x,72.0,pending_annotation,Source image indexed; no instance mask was supplied or generated.,images/2024-01-29_kidney-51_P2D10_Suspension_Media-A_72h_BF_5x.tif,,https://doi.org/10.60507/FK2/OM25XQ,CC-BY-4.0,not_reported,not_reported,,final_test,,,,,,,,,,,,,a48c1875589fa22e3141f780da54da4f56776f4f5a4ff4becdae659a3e721cb9,
2024-01-29_kidney-51_P2D10_Suspension_Media-B_72h_BF_5x,kidney_51_Suspension_Media_B,kidney_51,not_reported,not_reported,Suspension,Media,B,2024-01-29,2,10,P2D10,,University_of_Bonn,Leica_DM_IRB_Nikon_DSU3,5x,72.0,pending_annotation,Source image indexed; no instance mask was supplied or generated.,images/2024-01-29_kidney-51_P2D10_Suspension_Media-B_72h_BF_5x.tif,,https://doi.org/10.60507/FK2/OM25XQ,CC-BY-4.0,not_reported,not_reported,,final_test,,,,,,,,,,,,,84a93916d8e2eb69662b4f22c1c1bd71dbd1b7132643d12476209e051053866a,
2024-01-29_kidney-51_P2D10_Suspension_Media-C_72h_BF_5x,kidney_51_Suspension_Media_C,kidney_51,not_reported,not_reported,Suspension,Media,C,2024-01-29,2,10,P2D10,,University_of_Bonn,Leica_DM_IRB_Nikon_DSU3,5x,72.0,pending_annotation,Source image indexed; no instance mask was supplied or generated.,images/2024-01-29_kidney-51_P2D10_Suspension_Media-C_72h_BF_5x.tif,,https://doi.org/10.60507/FK2/OM25XQ,CC-BY-4.0,not_reported,not_reported,,final_test,,,,,,,,,,,,,57060971ce350ca14dcdb7fb94c5f879136618d38de385b1b8cbd103191a9375,
2024-02-05_kidney-69_P2D7_Domes_DMSO-A_0h_BF_5x,kidney_69_Domes_DMSO_A,kidney_69,not_reported,not_reported,Domes,DMSO,A,2024-02-05,2,7,P2D7,,University_of_Bonn,Leica_DM_IRB_Nikon_DSU3,5x,0.0,pending_annotation,Source image indexed; no instance mask was supplied or generated.,images/2024-02-05_kidney-69_P2D7_Domes_DMSO-A_0h_BF_5x.tif,,https://doi.org/10.60507/FK2/OM25XQ,CC-BY-4.0,not_reported,not_reported,,development,,,,,,,,,,,,,c280e94e82af21493f53a64a60e58605e5a081075a5c268f66e2a1e0cccca8a2,
2024-02-05_kidney-69_P2D7_Domes_DMSO-A_5h_BF_5x,kidney_69_Domes_DMSO_A,kidney_69,not_reported,not_reported,Domes,DMSO,A,2024-02-05,2,7,P2D7,,University_of_Bonn,Leica_DM_IRB_Nikon_DSU3,5x,5.0,pending_annotation,Source image indexed; no instance mask was supplied or generated.,images/2024-02-05_kidney-69_P2D7_Domes_DMSO-A_5h_BF_5x.tif,,https://doi.org/10.60507/FK2/OM25XQ,CC-BY-4.0,not_reported,not_reported,,development,,,,,,,,,,,,,c0b954954ad4db5f7f1a810bf53907728b8eda287d4c3b229ffd58553ba93b17,
2024-02-05_kidney-69_P2D7_Domes_DMSO-B_0h_BF_5x,kidney_69_Domes_DMSO_B,kidney_69,not_reported,not_reported,Domes,DMSO,B,2024-02-05,2,7,P2D7,,University_of_Bonn,Leica_DM_IRB_Nikon_DSU3,5x,0.0,pending_annotation,Source image indexed; no instance mask was supplied or generated.,images/2024-02-05_kidney-69_P2D7_Domes_DMSO-B_0h_BF_5x.tif,,https://doi.org/10.60507/FK2/OM25XQ,CC-BY-4.0,not_reported,not_reported,,development,,,,,,,,,,,,,4438e42b9895efe445b31c7fbe8153fcfb63bc26124f683d407c77af0b935398,
2024-02-05_kidney-69_P2D7_Domes_DMSO-B_5h_BF_5x,kidney_69_Domes_DMSO_B,kidney_69,not_reported,not_reported,Domes,DMSO,B,2024-02-05,2,7,P2D7,,University_of_Bonn,Leica_DM_IRB_Nikon_DSU3,5x,5.0,pending_annotation,Source image indexed; no instance mask was supplied or generated.,images/2024-02-05_kidney-69_P2D7_Domes_DMSO-B_5h_BF_5x.tif,,https://doi.org/10.60507/FK2/OM25XQ,CC-BY-4.0,not_reported,not_reported,,development,,,,,,,,,,,,,b4dc856396dffa268ffc1e52f44e0fe8db70c0192a75d1289dff74bdd0e73ad7,
2024-02-05_kidney-69_P2D7_Domes_DMSO-C_0h_BF_5x,kidney_69_Domes_DMSO_C,kidney_69,not_reported,not_reported,Domes,DMSO,C,2024-02-05,2,7,P2D7,,University_of_Bonn,Leica_DM_IRB_Nikon_DSU3,5x,0.0,pending_annotation,Source image indexed; no instance mask was supplied or generated.,images/2024-02-05_kidney-69_P2D7_Domes_DMSO-C_0h_BF_5x.tif,,https://doi.org/10.60507/FK2/OM25XQ,CC-BY-4.0,not_reported,not_reported,,development,,,,,,,,,,,,,05443bb91ca1e79394b7e0506ebc7b7bbe967c715ca03ec3c9f440b5e60c34b2,
2024-02-05_kidney-69_P2D7_Domes_DMSO-C_5h_BF_5x,kidney_69_Domes_DMSO_C,kidney_69,not_reported,not_reported,Domes,DMSO,C,2024-02-05,2,7,P2D7,,University_of_Bonn,Leica_DM_IRB_Nikon_DSU3,5x,5.0,pending_annotation,Source image indexed; no instance mask was supplied or generated.,images/2024-02-05_kidney-69_P2D7_Domes_DMSO-C_5h_BF_5x.tif,,https://doi.org/10.60507/FK2/OM25XQ,CC-BY-4.0,not_reported,not_reported,,development,,,,,,,,,,,,,edd4c51776a99e578cc4b6e6346b37421dbdbfb19845b13b922685a2dba9b199,
2024-02-05_kidney-69_P2D7_Domes_Forskolin-A_0h_BF_5x,kidney_69_Domes_Forskolin_A,kidney_69,not_reported,not_reported,Domes,Forskolin,A,2024-02-05,2,7,P2D7,,University_of_Bonn,Leica_DM_IRB_Nikon_DSU3,5x,0.0,pending_annotation,Source image indexed; no instance mask was supplied or generated.,images/2024-02-05_kidney-69_P2D7_Domes_Forskolin-A_0h_BF_5x.tif,,https://doi.org/10.60507/FK2/OM25XQ,CC-BY-4.0,not_reported,not_reported,,development,,,,,,,,,,,,,e8e9f6f35faea1f2db7c20d623e1bdcc253b4b2ad5747875264e820b9b87c773,
2024-02-05_kidney-69_P2D7_Domes_Forskolin-A_5h_BF_5x,kidney_69_Domes_Forskolin_A,kidney_69,not_reported,not_reported,Domes,Forskolin,A,2024-02-05,2,7,P2D7,,University_of_Bonn,Leica_DM_IRB_Nikon_DSU3,5x,5.0,pending_annotation,Source image indexed; no instance mask was supplied or generated.,images/2024-02-05_kidney-69_P2D7_Domes_Forskolin-A_5h_BF_5x.tif,,https://doi.org/10.60507/FK2/OM25XQ,CC-BY-4.0,not_reported,not_reported,,development,,,,,,,,,,,,,5a783bd42b464419583a43ec8682a49b4f3d6d67772a0e71b9cdfbe3da354b36,
2024-02-05_kidney-69_P2D7_Domes_Forskolin-B_0h_BF_5x,kidney_69_Domes_Forskolin_B,kidney_69,not_reported,not_reported,Domes,Forskolin,B,2024-02-05,2,7,P2D7,,University_of_Bonn,Leica_DM_IRB_Nikon_DSU3,5x,0.0,pending_annotation,Source image indexed; no instance mask was supplied or generated.,images/2024-02-05_kidney-69_P2D7_Domes_Forskolin-B_0h_BF_5x.tif,,https://doi.org/10.60507/FK2/OM25XQ,CC-BY-4.0,not_reported,not_reported,,development,,,,,,,,,,,,,2460499f1c8c052fdb16334f93ec248d57d1fac3f5e11e56d077d9ea87b9d604,
2024-02-05_kidney-69_P2D7_Domes_Forskolin-B_5h_BF_5x,kidney_69_Domes_Forskolin_B,kidney_69,not_reported,not_reported,Domes,Forskolin,B,2024-02-05,2,7,P2D7,,University_of_Bonn,Leica_DM_IRB_Nikon_DSU3,5x,5.0,pending_annotation,Source image indexed; no instance mask was supplied or generated.,images/2024-02-05_kidney-69_P2D7_Domes_Forskolin-B_5h_BF_5x.tif,,https://doi.org/10.60507/FK2/OM25XQ,CC-BY-4.0,not_reported,not_reported,,development,,,,,,,,,,,,,001cd2996051de40dfe3ab7b7fc5fdedd2a96a4aa19a47f086828da58e3198b4,
2024-02-05_kidney-69_P2D7_Domes_Forskolin-C_0h_BF_5x,kidney_69_Domes_Forskolin_C,kidney_69,not_reported,not_reported,Domes,Forskolin,C,2024-02-05,2,7,P2D7,,University_of_Bonn,Leica_DM_IRB_Nikon_DSU3,5x,0.0,pending_annotation,Source image indexed; no instance mask was supplied or generated.,images/2024-02-05_kidney-69_P2D7_Domes_Forskolin-C_0h_BF_5x.tif,,https://doi.org/10.60507/FK2/OM25XQ,CC-BY-4.0,not_reported,not_reported,,development,,,,,,,,,,,,,ea53c61ff8f200479b400a676a8510035686af2eeef88fcc51c20c5b8b83cbdc,
2024-02-05_kidney-69_P2D7_Domes_Forskolin-C_5h_BF_5x,kidney_69_Domes_Forskolin_C,kidney_69,not_reported,not_reported,Domes,Forskolin,C,2024-02-05,2,7,P2D7,,University_of_Bonn,Leica_DM_IRB_Nikon_DSU3,5x,5.0,pending_annotation,Source image indexed; no instance mask was supplied or generated.,images/2024-02-05_kidney-69_P2D7_Domes_Forskolin-C_5h_BF_5x.tif,,https://doi.org/10.60507/FK2/OM25XQ,CC-BY-4.0,not_reported,not_reported,,development,,,,,,,,,,,,,c32b209220e9625dab85d37f77c25a5c3e9fdfa6e71e7ac4b026c3aed6bd911c,
2024-02-05_kidney-69_P2D7_Domes_Media-A_0h_BF_5x,kidney_69_Domes_Media_A,kidney_69,not_reported,not_reported,Domes,Media,A,2024-02-05,2,7,P2D7,,University_of_Bonn,Leica_DM_IRB_Nikon_DSU3,5x,0.0,pending_annotation,Source image indexed; no instance mask was supplied or generated.,images/2024-02-05_kidney-69_P2D7_Domes_Media-A_0h_BF_5x.tif,,https://doi.org/10.60507/FK2/OM25XQ,CC-BY-4.0,not_reported,not_reported,,development,,,,,,,,,,,,,c88a378c7d1bc4f6d9f30838bb8a309ec6af9f81c287fb1b18528513dbc6c52c,
2024-02-05_kidney-69_P2D7_Domes_Media-A_5h_BF_5x,kidney_69_Domes_Media_A,kidney_69,not_reported,not_reported,Domes,Media,A,2024-02-05,2,7,P2D7,,University_of_Bonn,Leica_DM_IRB_Nikon_DSU3,5x,5.0,pending_annotation,Source image indexed; no instance mask was supplied or generated.,images/2024-02-05_kidney-69_P2D7_Domes_Media-A_5h_BF_5x.tif,,https://doi.org/10.60507/FK2/OM25XQ,CC-BY-4.0,not_reported,not_reported,,development,,,,,,,,,,,,,e7023d1880f14d8a1fe014cd4d9d783eff1d85701f1339a34caa5de158a37050,
2024-02-05_kidney-69_P2D7_Domes_Media-B_0h_BF_5x,kidney_69_Domes_Media_B,kidney_69,not_reported,not_reported,Domes,Media,B,2024-02-05,2,7,P2D7,,University_of_Bonn,Leica_DM_IRB_Nikon_DSU3,5x,0.0,pending_annotation,Source image indexed; no instance mask was supplied or generated.,images/2024-02-05_kidney-69_P2D7_Domes_Media-B_0h_BF_5x.tif,,https://doi.org/10.60507/FK2/OM25XQ,CC-BY-4.0,not_reported,not_reported,,development,,,,,,,,,,,,,3cd2ce8d6df85b58ef8681cf6e81ef88590b21bb0440993b62e2cff9280de7ac,
2024-02-05_kidney-69_P2D7_Domes_Media-B_5h_BF_5x,kidney_69_Domes_Media_B,kidney_69,not_reported,not_reported,Domes,Media,B,2024-02-05,2,7,P2D7,,University_of_Bonn,Leica_DM_IRB_Nikon_DSU3,5x,5.0,pending_annotation,Source image indexed; no instance mask was supplied or generated.,images/2024-02-05_kidney-69_P2D7_Domes_Media-B_5h_BF_5x.tif,,https://doi.org/10.60507/FK2/OM25XQ,CC-BY-4.0,not_reported,not_reported,,development,,,,,,,,,,,,,3f3e0153ae15338d1034cd9c845342d024f40e1d3d9ef294c3b2ddbcaaab4cb7,
2024-02-05_kidney-69_P2D7_Domes_Media-C_0h_BF_5x,kidney_69_Domes_Media_C,kidney_69,not_reported,not_reported,Domes,Media,C,2024-02-05,2,7,P2D7,,University_of_Bonn,Leica_DM_IRB_Nikon_DSU3,5x,0.0,pending_annotation,Source image indexed; no instance mask was supplied or generated.,images/2024-02-05_kidney-69_P2D7_Domes_Media-C_0h_BF_5x.tif,,https://doi.org/10.60507/FK2/OM25XQ,CC-BY-4.0,not_reported,not_reported,,development,,,,,,,,,,,,,59fdd66c1fc0a283ccd60565febd7549fb9c84d10b088696a8a04d4198fbb263,
2024-02-05_kidney-69_P2D7_Domes_Media-C_5h_BF_5x,kidney_69_Domes_Media_C,kidney_69,not_reported,not_reported,Domes,Media,C,2024-02-05,2,7,P2D7,,University_of_Bonn,Leica_DM_IRB_Nikon_DSU3,5x,5.0,pending_annotation,Source image indexed; no instance mask was supplied or generated.,images/2024-02-05_kidney-69_P2D7_Domes_Media-C_5h_BF_5x.tif,,https://doi.org/10.60507/FK2/OM25XQ,CC-BY-4.0,not_reported,not_reported,,development,,,,,,,,,,,,,dafdf905128eb726e8a42acf43edbd1c8aa86fc83bb54871c4dde76ad079bb4b,
2024-02-05_kidney-69_P2D7_Suspension_DMSO-A_0h_BF_5x,kidney_69_Suspension_DMSO_A,kidney_69,not_reported,not_reported,Suspension,DMSO,A,2024-02-05,2,7,P2D7,,University_of_Bonn,Leica_DM_IRB_Nikon_DSU3,5x,0.0,pending_annotation,Source image indexed; no instance mask was supplied or generated.,images/2024-02-05_kidney-69_P2D7_Suspension_DMSO-A_0h_BF_5x.tif,,https://doi.org/10.60507/FK2/OM25XQ,CC-BY-4.0,not_reported,not_reported,,development,,,,,,,,,,,,,ea080b0f8573062b35d7e20dffe068488d85098dc18e635df6273cfd0ed199fa,
2024-02-05_kidney-69_P2D7_Suspension_DMSO-A_5h_BF_5x,kidney_69_Suspension_DMSO_A,kidney_69,not_reported,not_reported,Suspension,DMSO,A,2024-02-05,2,7,P2D7,,University_of_Bonn,Leica_DM_IRB_Nikon_DSU3,5x,5.0,pending_annotation,Source image indexed; no instance mask was supplied or generated.,images/2024-02-05_kidney-69_P2D7_Suspension_DMSO-A_5h_BF_5x.tif,,https://doi.org/10.60507/FK2/OM25XQ,CC-BY-4.0,not_reported,not_reported,,development,,,,,,,,,,,,,df798a8ca6a264c6ecb158a81cee5c99cad6c636950c96cb906d4ad44c1c2ecf,
2024-02-05_kidney-69_P2D7_Suspension_DMSO-B_0h_BF_5x,kidney_69_Suspension_DMSO_B,kidney_69,not_reported,not_reported,Suspension,DMSO,B,2024-02-05,2,7,P2D7,,University_of_Bonn,Leica_DM_IRB_Nikon_DSU3,5x,0.0,pending_annotation,Source image indexed; no instance mask was supplied or generated.,images/2024-02-05_kidney-69_P2D7_Suspension_DMSO-B_0h_BF_5x.tif,,https://doi.org/10.60507/FK2/OM25XQ,CC-BY-4.0,not_reported,not_reported,,development,,,,,,,,,,,,,bfe03fd57df4f1bb3b8074917132607b74a566a40cc66d9a5a28b53a5ea0589b,
2024-02-05_kidney-69_P2D7_Suspension_DMSO-B_5h_BF_5x,kidney_69_Suspension_DMSO_B,kidney_69,not_reported,not_reported,Suspension,DMSO,B,2024-02-05,2,7,P2D7,,University_of_Bonn,Leica_DM_IRB_Nikon_DSU3,5x,5.0,pending_annotation,Source image indexed; no instance mask was supplied or generated.,images/2024-02-05_kidney-69_P2D7_Suspension_DMSO-B_5h_BF_5x.tif,,https://doi.org/10.60507/FK2/OM25XQ,CC-BY-4.0,not_reported,not_reported,,development,,,,,,,,,,,,,396aa86994332d4d47fc3f837182ba8f8d6aa0806cc11c39846c05050f1c188d,
2024-02-05_kidney-69_P2D7_Suspension_DMSO-C_0h_BF_5x,kidney_69_Suspension_DMSO_C,kidney_69,not_reported,not_reported,Suspension,DMSO,C,2024-02-05,2,7,P2D7,,University_of_Bonn,Leica_DM_IRB_Nikon_DSU3,5x,0.0,pending_annotation,Source image indexed; no instance mask was supplied or generated.,images/2024-02-05_kidney-69_P2D7_Suspension_DMSO-C_0h_BF_5x.tif,,https://doi.org/10.60507/FK2/OM25XQ,CC-BY-4.0,not_reported,not_reported,,development,,,,,,,,,,,,,f2a7a6e129ee268717f91510272a148509a2c6928c0892220c9eb076e7b88a68,
2024-02-05_kidney-69_P2D7_Suspension_DMSO-C_5h_BF_5x,kidney_69_Suspension_DMSO_C,kidney_69,not_reported,not_reported,Suspension,DMSO,C,2024-02-05,2,7,P2D7,,University_of_Bonn,Leica_DM_IRB_Nikon_DSU3,5x,5.0,pending_annotation,Source image indexed; no instance mask was supplied or generated.,images/2024-02-05_kidney-69_P2D7_Suspension_DMSO-C_5h_BF_5x.tif,,https://doi.org/10.60507/FK2/OM25XQ,CC-BY-4.0,not_reported,not_reported,,development,,,,,,,,,,,,,cb884b532249716d848fe1442ff98836a5709e5baca12b9ec736397c1d58efc7,
2024-02-05_kidney-69_P2D7_Suspension_Forskolin-A_0h_BF_5x,kidney_69_Suspension_Forskolin_A,kidney_69,not_reported,not_reported,Suspension,Forskolin,A,2024-02-05,2,7,P2D7,,University_of_Bonn,Leica_DM_IRB_Nikon_DSU3,5x,0.0,pending_annotation,Source image indexed; no instance mask was supplied or generated.,images/2024-02-05_kidney-69_P2D7_Suspension_Forskolin-A_0h_BF_5x.tif,,https://doi.org/10.60507/FK2/OM25XQ,CC-BY-4.0,not_reported,not_reported,,development,,,,,,,,,,,,,bb23d20e4fb227462ea2fb92a1f517b78027e538fc40710f5703fdcbb98914dd,
2024-02-05_kidney-69_P2D7_Suspension_Forskolin-A_5h_BF_5x,kidney_69_Suspension_Forskolin_A,kidney_69,not_reported,not_reported,Suspension,Forskolin,A,2024-02-05,2,7,P2D7,,University_of_Bonn,Leica_DM_IRB_Nikon_DSU3,5x,5.0,pending_annotation,Source image indexed; no instance mask was supplied or generated.,images/2024-02-05_kidney-69_P2D7_Suspension_Forskolin-A_5h_BF_5x.tif,,https://doi.org/10.60507/FK2/OM25XQ,CC-BY-4.0,not_reported,not_reported,,development,,,,,,,,,,,,,7f1583f7215612234ef71a8a7ba13fc2a8dc6c53e621b9b8728362ecbc94c4c3,
2024-02-05_kidney-69_P2D7_Suspension_Forskolin-B_0h_BF_5x,kidney_69_Suspension_Forskolin_B,kidney_69,not_reported,not_reported,Suspension,Forskolin,B,2024-02-05,2,7,P2D7,,University_of_Bonn,Leica_DM_IRB_Nikon_DSU3,5x,0.0,pending_annotation,Source image indexed; no instance mask was supplied or generated.,images/2024-02-05_kidney-69_P2D7_Suspension_Forskolin-B_0h_BF_5x.tif,,https://doi.org/10.60507/FK2/OM25XQ,CC-BY-4.0,not_reported,not_reported,,development,,,,,,,,,,,,,a89cbe9d396adc2852cc19e17821ea741bc23f17041007ca825cb27d13c18363,
2024-02-05_kidney-69_P2D7_Suspension_Forskolin-B_5h_BF_5x,kidney_69_Suspension_Forskolin_B,kidney_69,not_reported,not_reported,Suspension,Forskolin,B,2024-02-05,2,7,P2D7,,University_of_Bonn,Leica_DM_IRB_Nikon_DSU3,5x,5.0,pending_annotation,Source image indexed; no instance mask was supplied or generated.,images/2024-02-05_kidney-69_P2D7_Suspension_Forskolin-B_5h_BF_5x.tif,,https://doi.org/10.60507/FK2/OM25XQ,CC-BY-4.0,not_reported,not_reported,,development,,,,,,,,,,,,,68c64db6adfca265713df53219d5ad3aa83659cd257dec53207e543c8a23cec9,
2024-02-05_kidney-69_P2D7_Suspension_Forskolin-C_0h_BF_5x,kidney_69_Suspension_Forskolin_C,kidney_69,not_reported,not_reported,Suspension,Forskolin,C,2024-02-05,2,7,P2D7,,University_of_Bonn,Leica_DM_IRB_Nikon_DSU3,5x,0.0,pending_annotation,Source image indexed; no instance mask was supplied or generated.,images/2024-02-05_kidney-69_P2D7_Suspension_Forskolin-C_0h_BF_5x.tif,,https://doi.org/10.60507/FK2/OM25XQ,CC-BY-4.0,not_reported,not_reported,,development,,,,,,,,,,,,,ca483507d375c29724dff3b9871628fc86320648f60d7ee3b95b5e2ec3384be4,
2024-02-05_kidney-69_P2D7_Suspension_Forskolin-C_5h_BF_5x,kidney_69_Suspension_Forskolin_C,kidney_69,not_reported,not_reported,Suspension,Forskolin,C,2024-02-05,2,7,P2D7,,University_of_Bonn,Leica_DM_IRB_Nikon_DSU3,5x,5.0,pending_annotation,Source image indexed; no instance mask was supplied or generated.,images/2024-02-05_kidney-69_P2D7_Suspension_Forskolin-C_5h_BF_5x.tif,,https://doi.org/10.60507/FK2/OM25XQ,CC-BY-4.0,not_reported,not_reported,,development,,,,,,,,,,,,,41157a94d184c8eaa9133d281217fd5a065937b9133aafadcc530d4455298adc,
2024-02-05_kidney-69_P2D7_Suspension_Media-A_0h_BF_5x,kidney_69_Suspension_Media_A,kidney_69,not_reported,not_reported,Suspension,Media,A,2024-02-05,2,7,P2D7,,University_of_Bonn,Leica_DM_IRB_Nikon_DSU3,5x,0.0,pending_annotation,Source image indexed; no instance mask was supplied or generated.,images/2024-02-05_kidney-69_P2D7_Suspension_Media-A_0h_BF_5x.tif,,https://doi.org/10.60507/FK2/OM25XQ,CC-BY-4.0,not_reported,not_reported,,development,,,,,,,,,,,,,53a7891223b82c889e7cc12152990ad251505a4d794e30fd8a1808086b6ace5a,
2024-02-05_kidney-69_P2D7_Suspension_Media-A_5h_BF_5x,kidney_69_Suspension_Media_A,kidney_69,not_reported,not_reported,Suspension,Media,A,2024-02-05,2,7,P2D7,,University_of_Bonn,Leica_DM_IRB_Nikon_DSU3,5x,5.0,pending_annotation,Source image indexed; no instance mask was supplied or generated.,images/2024-02-05_kidney-69_P2D7_Suspension_Media-A_5h_BF_5x.tif,,https://doi.org/10.60507/FK2/OM25XQ,CC-BY-4.0,not_reported,not_reported,,development,,,,,,,,,,,,,ae3e402eabd59aee2cf60410269ee7f79c8e9c72821f6d37b0c234abc0dc7fcc,
2024-02-05_kidney-69_P2D7_Suspension_Media-B_0h_BF_5x,kidney_69_Suspension_Media_B,kidney_69,not_reported,not_reported,Suspension,Media,B,2024-02-05,2,7,P2D7,,University_of_Bonn,Leica_DM_IRB_Nikon_DSU3,5x,0.0,pending_annotation,Source image indexed; no instance mask was supplied or generated.,images/2024-02-05_kidney-69_P2D7_Suspension_Media-B_0h_BF_5x.tif,,https://doi.org/10.60507/FK2/OM25XQ,CC-BY-4.0,not_reported,not_reported,,development,,,,,,,,,,,,,1a992adcfbddf9d211fcfe37b9d73e9b03d1fccf2ebbb29fc3cee4a4eeab473c,
2024-02-05_kidney-69_P2D7_Suspension_Media-B_5h_BF_5x,kidney_69_Suspension_Media_B,kidney_69,not_reported,not_reported,Suspension,Media,B,2024-02-05,2,7,P2D7,,University_of_Bonn,Leica_DM_IRB_Nikon_DSU3,5x,5.0,pending_annotation,Source image indexed; no instance mask was supplied or generated.,images/2024-02-05_kidney-69_P2D7_Suspension_Media-B_5h_BF_5x.tif,,https://doi.org/10.60507/FK2/OM25XQ,CC-BY-4.0,not_reported,not_reported,,development,,,,,,,,,,,,,b79258195616c033f7ebf8568da2511d26a4ce3507fd9801bf81a1edd7de6017,
2024-02-05_kidney-69_P2D7_Suspension_Media-C_0h_BF_5x,kidney_69_Suspension_Media_C,kidney_69,not_reported,not_reported,Suspension,Media,C,2024-02-05,2,7,P2D7,,University_of_Bonn,Leica_DM_IRB_Nikon_DSU3,5x,0.0,pending_annotation,Source image indexed; no instance mask was supplied or generated.,images/2024-02-05_kidney-69_P2D7_Suspension_Media-C_0h_BF_5x.tif,,https://doi.org/10.60507/FK2/OM25XQ,CC-BY-4.0,not_reported,not_reported,,development,,,,,,,,,,,,,154c53403726c4934be0dea1cb3c25efe91a9df6ece56e82d8176d9b5469de70,
2024-02-05_kidney-69_P2D7_Suspension_Media-C_5h_BF_5x,kidney_69_Suspension_Media_C,kidney_69,not_reported,not_reported,Suspension,Media,C,2024-02-05,2,7,P2D7,,University_of_Bonn,Leica_DM_IRB_Nikon_DSU3,5x,5.0,pending_annotation,Source image indexed; no instance mask was supplied or generated.,images/2024-02-05_kidney-69_P2D7_Suspension_Media-C_5h_BF_5x.tif,,https://doi.org/10.60507/FK2/OM25XQ,CC-BY-4.0,not_reported,not_reported,,development,,,,,,,,,,,,,db98053945bb3c1f84e1ded8e9c382da9962b6c64d3f3bfa2f81e9cef799691e,
2024-02-06_kidney-69_P2D7_Suspension_Forskolin-C_24h_BF_5x,kidney_69_Suspension_Forskolin_C,kidney_69,not_reported,not_reported,Suspension,Forskolin,C,2024-02-06,2,7,P2D7,,University_of_Bonn,Leica_DM_IRB_Nikon_DSU3,5x,24.0,pending_annotation,Source image indexed; no instance mask was supplied or generated.,images/2024-02-06_kidney-69_P2D7_Suspension_Forskolin-C_24h_BF_5x.tif,,https://doi.org/10.60507/FK2/OM25XQ,CC-BY-4.0,not_reported,not_reported,,development,,,,,,,,,,,,,12902c7d404a87afc20feae7c051465dcd12daa719d1e68d6c536da64e715310,
2024-02-06_kidney-69_P2D8_Domes_DMSO-A_24h_BF_5x,kidney_69_Domes_DMSO_A,kidney_69,not_reported,not_reported,Domes,DMSO,A,2024-02-06,2,8,P2D8,,University_of_Bonn,Leica_DM_IRB_Nikon_DSU3,5x,24.0,pending_annotation,Source image indexed; no instance mask was supplied or generated.,images/2024-02-06_kidney-69_P2D8_Domes_DMSO-A_24h_BF_5x.tif,,https://doi.org/10.60507/FK2/OM25XQ,CC-BY-4.0,not_reported,not_reported,,development,,,,,,,,,,,,,fbbba847dac9beac41b3f031218e2a330da86765920be501bfb736237819eba0,
2024-02-06_kidney-69_P2D8_Domes_DMSO-B_24h_BF_5x,kidney_69_Domes_DMSO_B,kidney_69,not_reported,not_reported,Domes,DMSO,B,2024-02-06,2,8,P2D8,,University_of_Bonn,Leica_DM_IRB_Nikon_DSU3,5x,24.0,pending_annotation,Source image indexed; no instance mask was supplied or generated.,images/2024-02-06_kidney-69_P2D8_Domes_DMSO-B_24h_BF_5x.tif,,https://doi.org/10.60507/FK2/OM25XQ,CC-BY-4.0,not_reported,not_reported,,development,,,,,,,,,,,,,f0175c1c17454ad27ff4d04ef516999d2d128bb40960980b70ff7519610a7230,
2024-02-06_kidney-69_P2D8_Domes_DMSO-C_24h_BF_5x,kidney_69_Domes_DMSO_C,kidney_69,not_reported,not_reported,Domes,DMSO,C,2024-02-06,2,8,P2D8,,University_of_Bonn,Leica_DM_IRB_Nikon_DSU3,5x,24.0,pending_annotation,Source image indexed; no instance mask was supplied or generated.,images/2024-02-06_kidney-69_P2D8_Domes_DMSO-C_24h_BF_5x.tif,,https://doi.org/10.60507/FK2/OM25XQ,CC-BY-4.0,not_reported,not_reported,,development,,,,,,,,,,,,,57139a43a3f2f6f8023ecdd682aa24f6298c5245bbd2af4c8ed8acc1f9e5f695,
2024-02-06_kidney-69_P2D8_Domes_Forskolin-A_24h_BF_5x,kidney_69_Domes_Forskolin_A,kidney_69,not_reported,not_reported,Domes,Forskolin,A,2024-02-06,2,8,P2D8,,University_of_Bonn,Leica_DM_IRB_Nikon_DSU3,5x,24.0,pending_annotation,Source image indexed; no instance mask was supplied or generated.,images/2024-02-06_kidney-69_P2D8_Domes_Forskolin-A_24h_BF_5x.tif,,https://doi.org/10.60507/FK2/OM25XQ,CC-BY-4.0,not_reported,not_reported,,development,,,,,,,,,,,,,dd5302f08077e537ebf15fb257b0f108e25104bc865318e5820d690b592d9357,
2024-02-06_kidney-69_P2D8_Domes_Forskolin-B_24h_BF_5x,kidney_69_Domes_Forskolin_B,kidney_69,not_reported,not_reported,Domes,Forskolin,B,2024-02-06,2,8,P2D8,,University_of_Bonn,Leica_DM_IRB_Nikon_DSU3,5x,24.0,pending_annotation,Source image indexed; no instance mask was supplied or generated.,images/2024-02-06_kidney-69_P2D8_Domes_Forskolin-B_24h_BF_5x.tif,,https://doi.org/10.60507/FK2/OM25XQ,CC-BY-4.0,not_reported,not_reported,,development,,,,,,,,,,,,,b455ceaae73f0f11d0fcaf5867b46cc4ce94a60e0ac72e2c5bac00410fd65e95,
2024-02-06_kidney-69_P2D8_Domes_Forskolin-C_24h_BF_5x,kidney_69_Domes_Forskolin_C,kidney_69,not_reported,not_reported,Domes,Forskolin,C,2024-02-06,2,8,P2D8,,University_of_Bonn,Leica_DM_IRB_Nikon_DSU3,5x,24.0,pending_annotation,Source image indexed; no instance mask was supplied or generated.,images/2024-02-06_kidney-69_P2D8_Domes_Forskolin-C_24h_BF_5x.tif,,https://doi.org/10.60507/FK2/OM25XQ,CC-BY-4.0,not_reported,not_reported,,development,,,,,,,,,,,,,a56884d994151ce1bec1469154eeed62e48bb91619a3153e0e48ee0334133049,
2024-02-06_kidney-69_P2D8_Domes_Media-A_24h_BF_5x,kidney_69_Domes_Media_A,kidney_69,not_reported,not_reported,Domes,Media,A,2024-02-06,2,8,P2D8,,University_of_Bonn,Leica_DM_IRB_Nikon_DSU3,5x,24.0,pending_annotation,Source image indexed; no instance mask was supplied or generated.,images/2024-02-06_kidney-69_P2D8_Domes_Media-A_24h_BF_5x.tif,,https://doi.org/10.60507/FK2/OM25XQ,CC-BY-4.0,not_reported,not_reported,,development,,,,,,,,,,,,,2d915e22bce80dc23a4b968beb7a25d70447acc25960723e4646bfd1d2958048,
2024-02-06_kidney-69_P2D8_Domes_Media-B_24h_BF_5x,kidney_69_Domes_Media_B,kidney_69,not_reported,not_reported,Domes,Media,B,2024-02-06,2,8,P2D8,,University_of_Bonn,Leica_DM_IRB_Nikon_DSU3,5x,24.0,pending_annotation,Source image indexed; no instance mask was supplied or generated.,images/2024-02-06_kidney-69_P2D8_Domes_Media-B_24h_BF_5x.tif,,https://doi.org/10.60507/FK2/OM25XQ,CC-BY-4.0,not_reported,not_reported,,development,,,,,,,,,,,,,b0283a4d3ca93a7ae572d795db50c448f004b495ff68e3f874d2fe80cfb43daa,
2024-02-06_kidney-69_P2D8_Domes_Media-C_24h_BF_5x,kidney_69_Domes_Media_C,kidney_69,not_reported,not_reported,Domes,Media,C,2024-02-06,2,8,P2D8,,University_of_Bonn,Leica_DM_IRB_Nikon_DSU3,5x,24.0,pending_annotation,Source image indexed; no instance mask was supplied or generated.,images/2024-02-06_kidney-69_P2D8_Domes_Media-C_24h_BF_5x.tif,,https://doi.org/10.60507/FK2/OM25XQ,CC-BY-4.0,not_reported,not_reported,,development,,,,,,,,,,,,,5d5dbcaf512d5035c879826da742b9f3b9d27edbdcf95e05a4833e96a4385fef,
2024-02-06_kidney-69_P2D8_Suspension_DMSO-A_24h_BF_5x,kidney_69_Suspension_DMSO_A,kidney_69,not_reported,not_reported,Suspension,DMSO,A,2024-02-06,2,8,P2D8,,University_of_Bonn,Leica_DM_IRB_Nikon_DSU3,5x,24.0,pending_annotation,Source image indexed; no instance mask was supplied or generated.,images/2024-02-06_kidney-69_P2D8_Suspension_DMSO-A_24h_BF_5x.tif,,https://doi.org/10.60507/FK2/OM25XQ,CC-BY-4.0,not_reported,not_reported,,development,,,,,,,,,,,,,fa03124ae49863eb42d39eaa7eaeec6dde1dda29eb6bc9f62a5d502208d867f9,
2024-02-06_kidney-69_P2D8_Suspension_DMSO-B_24h_BF_5x,kidney_69_Suspension_DMSO_B,kidney_69,not_reported,not_reported,Suspension,DMSO,B,2024-02-06,2,8,P2D8,,University_of_Bonn,Leica_DM_IRB_Nikon_DSU3,5x,24.0,pending_annotation,Source image indexed; no instance mask was supplied or generated.,images/2024-02-06_kidney-69_P2D8_Suspension_DMSO-B_24h_BF_5x.tif,,https://doi.org/10.60507/FK2/OM25XQ,CC-BY-4.0,not_reported,not_reported,,development,,,,,,,,,,,,,b40d4f0b6fbfd13de8ac5da79c29d4561f3507a3b4c906ae13ffdc9b0714a215,
2024-02-06_kidney-69_P2D8_Suspension_DMSO-C_24h_BF_5x,kidney_69_Suspension_DMSO_C,kidney_69,not_reported,not_reported,Suspension,DMSO,C,2024-02-06,2,8,P2D8,,University_of_Bonn,Leica_DM_IRB_Nikon_DSU3,5x,24.0,pending_annotation,Source image indexed; no instance mask was supplied or generated.,images/2024-02-06_kidney-69_P2D8_Suspension_DMSO-C_24h_BF_5x.tif,,https://doi.org/10.60507/FK2/OM25XQ,CC-BY-4.0,not_reported,not_reported,,development,,,,,,,,,,,,,997fef6cabb03d83d1d8971f52c3c71cb5d2c53608c0ff85a524bd3ee7c3a805,
2024-02-06_kidney-69_P2D8_Suspension_Forskolin-A_24h_BF_5x,kidney_69_Suspension_Forskolin_A,kidney_69,not_reported,not_reported,Suspension,Forskolin,A,2024-02-06,2,8,P2D8,,University_of_Bonn,Leica_DM_IRB_Nikon_DSU3,5x,24.0,pending_annotation,Source image indexed; no instance mask was supplied or generated.,images/2024-02-06_kidney-69_P2D8_Suspension_Forskolin-A_24h_BF_5x.tif,,https://doi.org/10.60507/FK2/OM25XQ,CC-BY-4.0,not_reported,not_reported,,development,,,,,,,,,,,,,9fd9af975bf57177a510bf90c750962050cb16c50cdc802bdb92a3bee3c67da9,
2024-02-06_kidney-69_P2D8_Suspension_Forskolin-B_24h_BF_5x,kidney_69_Suspension_Forskolin_B,kidney_69,not_reported,not_reported,Suspension,Forskolin,B,2024-02-06,2,8,P2D8,,University_of_Bonn,Leica_DM_IRB_Nikon_DSU3,5x,24.0,pending_annotation,Source image indexed; no instance mask was supplied or generated.,images/2024-02-06_kidney-69_P2D8_Suspension_Forskolin-B_24h_BF_5x.tif,,https://doi.org/10.60507/FK2/OM25XQ,CC-BY-4.0,not_reported,not_reported,,development,,,,,,,,,,,,,dcf82866cdc5a4479cbb305290e98e90bc72eda346107c04ce815dbfa6de2dcf,
2024-02-06_kidney-69_P2D8_Suspension_Media-A_24h_BF_5x,kidney_69_Suspension_Media_A,kidney_69,not_reported,not_reported,Suspension,Media,A,2024-02-06,2,8,P2D8,,University_of_Bonn,Leica_DM_IRB_Nikon_DSU3,5x,24.0,pending_annotation,Source image indexed; no instance mask was supplied or generated.,images/2024-02-06_kidney-69_P2D8_Suspension_Media-A_24h_BF_5x.tif,,https://doi.org/10.60507/FK2/OM25XQ,CC-BY-4.0,not_reported,not_reported,,development,,,,,,,,,,,,,560df4b222e81f4841e510cb015cbd2248e6beb07f15c77cae8a38870181cf96,
2024-02-06_kidney-69_P2D8_Suspension_Media-B_24h_BF_5x,kidney_69_Suspension_Media_B,kidney_69,not_reported,not_reported,Suspension,Media,B,2024-02-06,2,8,P2D8,,University_of_Bonn,Leica_DM_IRB_Nikon_DSU3,5x,24.0,pending_annotation,Source image indexed; no instance mask was supplied or generated.,images/2024-02-06_kidney-69_P2D8_Suspension_Media-B_24h_BF_5x.tif,,https://doi.org/10.60507/FK2/OM25XQ,CC-BY-4.0,not_reported,not_reported,,development,,,,,,,,,,,,,5052701b31a606ee13b5a21c85d7a5ae9eb27acc0d9e78f9ed4c3a8fa5700d27,
2024-02-06_kidney-69_P2D8_Suspension_Media-C_24h_BF_5x,kidney_69_Suspension_Media_C,kidney_69,not_reported,not_reported,Suspension,Media,C,2024-02-06,2,8,P2D8,,University_of_Bonn,Leica_DM_IRB_Nikon_DSU3,5x,24.0,pending_annotation,Source image indexed; no instance mask was supplied or generated.,images/2024-02-06_kidney-69_P2D8_Suspension_Media-C_24h_BF_5x.tif,,https://doi.org/10.60507/FK2/OM25XQ,CC-BY-4.0,not_reported,not_reported,,development,,,,,,,,,,,,,e265f9a28ec97764f5d28e08a8c25e1ac4eb927bcceff016cbe768798e37edbf,
2024-02-07_kidney-69_P2D7_Suspension_Forskolin-C_48h_BF_5x,kidney_69_Suspension_Forskolin_C,kidney_69,not_reported,not_reported,Suspension,Forskolin,C,2024-02-07,2,7,P2D7,,University_of_Bonn,Leica_DM_IRB_Nikon_DSU3,5x,48.0,pending_annotation,Source image indexed; no instance mask was supplied or generated.,images/2024-02-07_kidney-69_P2D7_Suspension_Forskolin-C_48h_BF_5x.tif,,https://doi.org/10.60507/FK2/OM25XQ,CC-BY-4.0,not_reported,not_reported,,development,,,,,,,,,,,,,1b6a70a8a69c484a9ec42db9ea20a1949c82cc91845d3ee03f47e793203ec8db,
2024-02-07_kidney-69_P2D9_Domes_DMSO-A_48h_BF_5x,kidney_69_Domes_DMSO_A,kidney_69,not_reported,not_reported,Domes,DMSO,A,2024-02-07,2,9,P2D9,,University_of_Bonn,Leica_DM_IRB_Nikon_DSU3,5x,48.0,pending_annotation,Source image indexed; no instance mask was supplied or generated.,images/2024-02-07_kidney-69_P2D9_Domes_DMSO-A_48h_BF_5x.tif,,https://doi.org/10.60507/FK2/OM25XQ,CC-BY-4.0,not_reported,not_reported,,development,,,,,,,,,,,,,4ace55ea2a2a78d75e1e99153898e1b2a1bc0188f68886400c4576a550683b19,
2024-02-07_kidney-69_P2D9_Domes_DMSO-B_48h_BF_5x,kidney_69_Domes_DMSO_B,kidney_69,not_reported,not_reported,Domes,DMSO,B,2024-02-07,2,9,P2D9,,University_of_Bonn,Leica_DM_IRB_Nikon_DSU3,5x,48.0,pending_annotation,Source image indexed; no instance mask was supplied or generated.,images/2024-02-07_kidney-69_P2D9_Domes_DMSO-B_48h_BF_5x.tif,,https://doi.org/10.60507/FK2/OM25XQ,CC-BY-4.0,not_reported,not_reported,,development,,,,,,,,,,,,,4e0ce4136a60df2503229444ab182a6172d73fc04b6a96b77bc468f9d12a4d6c,
2024-02-07_kidney-69_P2D9_Domes_DMSO-C_48h_BF_5x,kidney_69_Domes_DMSO_C,kidney_69,not_reported,not_reported,Domes,DMSO,C,2024-02-07,2,9,P2D9,,University_of_Bonn,Leica_DM_IRB_Nikon_DSU3,5x,48.0,pending_annotation,Source image indexed; no instance mask was supplied or generated.,images/2024-02-07_kidney-69_P2D9_Domes_DMSO-C_48h_BF_5x.tif,,https://doi.org/10.60507/FK2/OM25XQ,CC-BY-4.0,not_reported,not_reported,,development,,,,,,,,,,,,,cc374062687aebf0c1813b633da5c7285efbb965722903e3855c526ee48aeee3,
2024-02-07_kidney-69_P2D9_Domes_Forskolin-A_48h_BF_5x,kidney_69_Domes_Forskolin_A,kidney_69,not_reported,not_reported,Domes,Forskolin,A,2024-02-07,2,9,P2D9,,University_of_Bonn,Leica_DM_IRB_Nikon_DSU3,5x,48.0,pending_annotation,Source image indexed; no instance mask was supplied or generated.,images/2024-02-07_kidney-69_P2D9_Domes_Forskolin-A_48h_BF_5x.tif,,https://doi.org/10.60507/FK2/OM25XQ,CC-BY-4.0,not_reported,not_reported,,development,,,,,,,,,,,,,c28565b1ddfa4253668c0a10f801d3d597c1ba38cdb5e1baabaf1cd48bf6c172,
2024-02-07_kidney-69_P2D9_Domes_Forskolin-B_48h_BF_5x,kidney_69_Domes_Forskolin_B,kidney_69,not_reported,not_reported,Domes,Forskolin,B,2024-02-07,2,9,P2D9,,University_of_Bonn,Leica_DM_IRB_Nikon_DSU3,5x,48.0,pending_annotation,Source image indexed; no instance mask was supplied or generated.,images/2024-02-07_kidney-69_P2D9_Domes_Forskolin-B_48h_BF_5x.tif,,https://doi.org/10.60507/FK2/OM25XQ,CC-BY-4.0,not_reported,not_reported,,development,,,,,,,,,,,,,bb5e51f5335c16b7fd84013e94a3c9e767dc313088387cac2f492c3bc58ba66d,
2024-02-07_kidney-69_P2D9_Domes_Forskolin-C_48h_BF_5x,kidney_69_Domes_Forskolin_C,kidney_69,not_reported,not_reported,Domes,Forskolin,C,2024-02-07,2,9,P2D9,,University_of_Bonn,Leica_DM_IRB_Nikon_DSU3,5x,48.0,pending_annotation,Source image indexed; no instance mask was supplied or generated.,images/2024-02-07_kidney-69_P2D9_Domes_Forskolin-C_48h_BF_5x.tif,,https://doi.org/10.60507/FK2/OM25XQ,CC-BY-4.0,not_reported,not_reported,,development,,,,,,,,,,,,,3eeff71686a89ee377b0f1d4f273e5d92b49ca0b12606c8d9b902a24e9023863,
2024-02-07_kidney-69_P2D9_Domes_Media-A_48h_BF_5x,kidney_69_Domes_Media_A,kidney_69,not_reported,not_reported,Domes,Media,A,2024-02-07,2,9,P2D9,,University_of_Bonn,Leica_DM_IRB_Nikon_DSU3,5x,48.0,pending_annotation,Source image indexed; no instance mask was supplied or generated.,images/2024-02-07_kidney-69_P2D9_Domes_Media-A_48h_BF_5x.tif,,https://doi.org/10.60507/FK2/OM25XQ,CC-BY-4.0,not_reported,not_reported,,development,,,,,,,,,,,,,4b264e488cb59ddc56962a84043e2f63f25bdd3df0882c5b1bff6bccbd04999d,
2024-02-07_kidney-69_P2D9_Domes_Media-B_48h_BF_5x,kidney_69_Domes_Media_B,kidney_69,not_reported,not_reported,Domes,Media,B,2024-02-07,2,9,P2D9,,University_of_Bonn,Leica_DM_IRB_Nikon_DSU3,5x,48.0,pending_annotation,Source image indexed; no instance mask was supplied or generated.,images/2024-02-07_kidney-69_P2D9_Domes_Media-B_48h_BF_5x.tif,,https://doi.org/10.60507/FK2/OM25XQ,CC-BY-4.0,not_reported,not_reported,,development,,,,,,,,,,,,,8c6ef168e3d30594e6cb879caff8a0efbb0843816b073fb2dbe593f05d657c26,
2024-02-07_kidney-69_P2D9_Domes_Media-C_48h_BF_5x,kidney_69_Domes_Media_C,kidney_69,not_reported,not_reported,Domes,Media,C,2024-02-07,2,9,P2D9,,University_of_Bonn,Leica_DM_IRB_Nikon_DSU3,5x,48.0,pending_annotation,Source image indexed; no instance mask was supplied or generated.,images/2024-02-07_kidney-69_P2D9_Domes_Media-C_48h_BF_5x.tif,,https://doi.org/10.60507/FK2/OM25XQ,CC-BY-4.0,not_reported,not_reported,,development,,,,,,,,,,,,,1e083b86f5f209006c227f6abefeedaf57b3b71e8933de253dfa6ff4bc9cccbf,
2024-02-07_kidney-69_P2D9_Suspension_DMSO-A_48h_BF_5x,kidney_69_Suspension_DMSO_A,kidney_69,not_reported,not_reported,Suspension,DMSO,A,2024-02-07,2,9,P2D9,,University_of_Bonn,Leica_DM_IRB_Nikon_DSU3,5x,48.0,pending_annotation,Source image indexed; no instance mask was supplied or generated.,images/2024-02-07_kidney-69_P2D9_Suspension_DMSO-A_48h_BF_5x.tif,,https://doi.org/10.60507/FK2/OM25XQ,CC-BY-4.0,not_reported,not_reported,,development,,,,,,,,,,,,,ee10dbe7a6ba038822ae3aa896494498dd164aa7f465c43d3241221ce051a14c,
2024-02-07_kidney-69_P2D9_Suspension_DMSO-B_48h_BF_5x,kidney_69_Suspension_DMSO_B,kidney_69,not_reported,not_reported,Suspension,DMSO,B,2024-02-07,2,9,P2D9,,University_of_Bonn,Leica_DM_IRB_Nikon_DSU3,5x,48.0,pending_annotation,Source image indexed; no instance mask was supplied or generated.,images/2024-02-07_kidney-69_P2D9_Suspension_DMSO-B_48h_BF_5x.tif,,https://doi.org/10.60507/FK2/OM25XQ,CC-BY-4.0,not_reported,not_reported,,development,,,,,,,,,,,,,6a9da99441cfd4d2dd76ab00cdbb329b61fc37e9f0c61a2e8547b3bfb156befd,
2024-02-07_kidney-69_P2D9_Suspension_DMSO-C_48h_BF_5x,kidney_69_Suspension_DMSO_C,kidney_69,not_reported,not_reported,Suspension,DMSO,C,2024-02-07,2,9,P2D9,,University_of_Bonn,Leica_DM_IRB_Nikon_DSU3,5x,48.0,pending_annotation,Source image indexed; no instance mask was supplied or generated.,images/2024-02-07_kidney-69_P2D9_Suspension_DMSO-C_48h_BF_5x.tif,,https://doi.org/10.60507/FK2/OM25XQ,CC-BY-4.0,not_reported,not_reported,,development,,,,,,,,,,,,,1fce76edb6c5a046264c1bd0c029f17ec6de6321a42f1eddb00779b0a1f1544b,
2024-02-07_kidney-69_P2D9_Suspension_Forskolin-A_48h_BF_5x,kidney_69_Suspension_Forskolin_A,kidney_69,not_reported,not_reported,Suspension,Forskolin,A,2024-02-07,2,9,P2D9,,University_of_Bonn,Leica_DM_IRB_Nikon_DSU3,5x,48.0,pending_annotation,Source image indexed; no instance mask was supplied or generated.,images/2024-02-07_kidney-69_P2D9_Suspension_Forskolin-A_48h_BF_5x.tif,,https://doi.org/10.60507/FK2/OM25XQ,CC-BY-4.0,not_reported,not_reported,,development,,,,,,,,,,,,,ca3fb5887a247c01156cac864a3d70d4d9f53cf7e83f40b8af415c1cca1a2972,
2024-02-07_kidney-69_P2D9_Suspension_Forskolin-B_48h_BF_5x,kidney_69_Suspension_Forskolin_B,kidney_69,not_reported,not_reported,Suspension,Forskolin,B,2024-02-07,2,9,P2D9,,University_of_Bonn,Leica_DM_IRB_Nikon_DSU3,5x,48.0,pending_annotation,Source image indexed; no instance mask was supplied or generated.,images/2024-02-07_kidney-69_P2D9_Suspension_Forskolin-B_48h_BF_5x.tif,,https://doi.org/10.60507/FK2/OM25XQ,CC-BY-4.0,not_reported,not_reported,,development,,,,,,,,,,,,,11f19d6f6a378f20d94ad3438cfd6e6e7eceea56033ab1b2212181fe6c164232,
2024-02-07_kidney-69_P2D9_Suspension_Media-A_48h_BF_5x,kidney_69_Suspension_Media_A,kidney_69,not_reported,not_reported,Suspension,Media,A,2024-02-07,2,9,P2D9,,University_of_Bonn,Leica_DM_IRB_Nikon_DSU3,5x,48.0,pending_annotation,Source image indexed; no instance mask was supplied or generated.,images/2024-02-07_kidney-69_P2D9_Suspension_Media-A_48h_BF_5x.tif,,https://doi.org/10.60507/FK2/OM25XQ,CC-BY-4.0,not_reported,not_reported,,development,,,,,,,,,,,,,8a299e178186e551b002198d8f4abac5bd1bc62cf174b7d0e2437558039b25f2,
2024-02-07_kidney-69_P2D9_Suspension_Media-B_48h_BF_5x,kidney_69_Suspension_Media_B,kidney_69,not_reported,not_reported,Suspension,Media,B,2024-02-07,2,9,P2D9,,University_of_Bonn,Leica_DM_IRB_Nikon_DSU3,5x,48.0,pending_annotation,Source image indexed; no instance mask was supplied or generated.,images/2024-02-07_kidney-69_P2D9_Suspension_Media-B_48h_BF_5x.tif,,https://doi.org/10.60507/FK2/OM25XQ,CC-BY-4.0,not_reported,not_reported,,development,,,,,,,,,,,,,51c36abc8b7ede2169309a78716abfb9c877fdd1d24a534b23da7421ed83e983,
2024-02-07_kidney-69_P2D9_Suspension_Media-C_48h_BF_5x,kidney_69_Suspension_Media_C,kidney_69,not_reported,not_reported,Suspension,Media,C,2024-02-07,2,9,P2D9,,University_of_Bonn,Leica_DM_IRB_Nikon_DSU3,5x,48.0,pending_annotation,Source image indexed; no instance mask was supplied or generated.,images/2024-02-07_kidney-69_P2D9_Suspension_Media-C_48h_BF_5x.tif,,https://doi.org/10.60507/FK2/OM25XQ,CC-BY-4.0,not_reported,not_reported,,development,,,,,,,,,,,,,b51fba91603c925740c2b624171beedb7fadb8b59c838865154811c2c6c0c020,
2024-02-08_kidney-69_P2D10_Domes_DMSO-A_72h_BF_5x,kidney_69_Domes_DMSO_A,kidney_69,not_reported,not_reported,Domes,DMSO,A,2024-02-08,2,10,P2D10,,University_of_Bonn,Leica_DM_IRB_Nikon_DSU3,5x,72.0,pending_annotation,Source image indexed; no instance mask was supplied or generated.,images/2024-02-08_kidney-69_P2D10_Domes_DMSO-A_72h_BF_5x.tif,,https://doi.org/10.60507/FK2/OM25XQ,CC-BY-4.0,not_reported,not_reported,,development,,,,,,,,,,,,,893e96cb7569ed2b5f08620756532528de4779f48e9a65f1e310ded64f2e9c71,
2024-02-08_kidney-69_P2D10_Domes_DMSO-B_72h_BF_5x,kidney_69_Domes_DMSO_B,kidney_69,not_reported,not_reported,Domes,DMSO,B,2024-02-08,2,10,P2D10,,University_of_Bonn,Leica_DM_IRB_Nikon_DSU3,5x,72.0,pending_annotation,Source image indexed; no instance mask was supplied or generated.,images/2024-02-08_kidney-69_P2D10_Domes_DMSO-B_72h_BF_5x.tif,,https://doi.org/10.60507/FK2/OM25XQ,CC-BY-4.0,not_reported,not_reported,,development,,,,,,,,,,,,,77049fb57b1abfcdd7bf01b710a6f79cb53f3ddc8e32e49d7c0072ccea496ae3,
2024-02-08_kidney-69_P2D10_Domes_DMSO-C_72h_BF_5x,kidney_69_Domes_DMSO_C,kidney_69,not_reported,not_reported,Domes,DMSO,C,2024-02-08,2,10,P2D10,,University_of_Bonn,Leica_DM_IRB_Nikon_DSU3,5x,72.0,pending_annotation,Source image indexed; no instance mask was supplied or generated.,images/2024-02-08_kidney-69_P2D10_Domes_DMSO-C_72h_BF_5x.tif,,https://doi.org/10.60507/FK2/OM25XQ,CC-BY-4.0,not_reported,not_reported,,development,,,,,,,,,,,,,09383ac82742e49c73d886b01863b292791d39ad4da32e88bc05848d0f7a54c1,
2024-02-08_kidney-69_P2D10_Domes_Forskolin-A_72h_BF_5x,kidney_69_Domes_Forskolin_A,kidney_69,not_reported,not_reported,Domes,Forskolin,A,2024-02-08,2,10,P2D10,,University_of_Bonn,Leica_DM_IRB_Nikon_DSU3,5x,72.0,pending_annotation,Source image indexed; no instance mask was supplied or generated.,images/2024-02-08_kidney-69_P2D10_Domes_Forskolin-A_72h_BF_5x.tif,,https://doi.org/10.60507/FK2/OM25XQ,CC-BY-4.0,not_reported,not_reported,,development,,,,,,,,,,,,,28c2f1bd3ea4aac6fc9f6fb76626f6b73753ffca6c9599de9d4e8b41a8ac3757,
2024-02-08_kidney-69_P2D10_Domes_Forskolin-B_72h_BF_5x,kidney_69_Domes_Forskolin_B,kidney_69,not_reported,not_reported,Domes,Forskolin,B,2024-02-08,2,10,P2D10,,University_of_Bonn,Leica_DM_IRB_Nikon_DSU3,5x,72.0,pending_annotation,Source image indexed; no instance mask was supplied or generated.,images/2024-02-08_kidney-69_P2D10_Domes_Forskolin-B_72h_BF_5x.tif,,https://doi.org/10.60507/FK2/OM25XQ,CC-BY-4.0,not_reported,not_reported,,development,,,,,,,,,,,,,b41e9ab81ec850483f613bd9eae1428e25fd2bd3e7a1531ba6b9a256581e44eb,
2024-02-08_kidney-69_P2D10_Domes_Forskolin-C_72h_BF_5x,kidney_69_Domes_Forskolin_C,kidney_69,not_reported,not_reported,Domes,Forskolin,C,2024-02-08,2,10,P2D10,,University_of_Bonn,Leica_DM_IRB_Nikon_DSU3,5x,72.0,pending_annotation,Source image indexed; no instance mask was supplied or generated.,images/2024-02-08_kidney-69_P2D10_Domes_Forskolin-C_72h_BF_5x.tif,,https://doi.org/10.60507/FK2/OM25XQ,CC-BY-4.0,not_reported,not_reported,,development,,,,,,,,,,,,,6c2e20c683a5cf6cd018d44f880aa6c8c7240891aa6ccead43ccda472dc41843,
2024-02-08_kidney-69_P2D10_Domes_Media-A_72h_BF_5x,kidney_69_Domes_Media_A,kidney_69,not_reported,not_reported,Domes,Media,A,2024-02-08,2,10,P2D10,,University_of_Bonn,Leica_DM_IRB_Nikon_DSU3,5x,72.0,pending_annotation,Source image indexed; no instance mask was supplied or generated.,images/2024-02-08_kidney-69_P2D10_Domes_Media-A_72h_BF_5x.tif,,https://doi.org/10.60507/FK2/OM25XQ,CC-BY-4.0,not_reported,not_reported,,development,,,,,,,,,,,,,bc9d39662a6984df4840f60c69039356c12843c766f53209d936201f016ae5aa,
2024-02-08_kidney-69_P2D10_Domes_Media-B_72h_BF_5x,kidney_69_Domes_Media_B,kidney_69,not_reported,not_reported,Domes,Media,B,2024-02-08,2,10,P2D10,,University_of_Bonn,Leica_DM_IRB_Nikon_DSU3,5x,72.0,pending_annotation,Source image indexed; no instance mask was supplied or generated.,images/2024-02-08_kidney-69_P2D10_Domes_Media-B_72h_BF_5x.tif,,https://doi.org/10.60507/FK2/OM25XQ,CC-BY-4.0,not_reported,not_reported,,development,,,,,,,,,,,,,868cb8fbdcab882ebea3e59cac766ef2d7364457a1701987e83541db391ce14d,
2024-02-08_kidney-69_P2D10_Domes_Media-C_72h_BF_5x,kidney_69_Domes_Media_C,kidney_69,not_reported,not_reported,Domes,Media,C,2024-02-08,2,10,P2D10,,University_of_Bonn,Leica_DM_IRB_Nikon_DSU3,5x,72.0,pending_annotation,Source image indexed; no instance mask was supplied or generated.,images/2024-02-08_kidney-69_P2D10_Domes_Media-C_72h_BF_5x.tif,,https://doi.org/10.60507/FK2/OM25XQ,CC-BY-4.0,not_reported,not_reported,,development,,,,,,,,,,,,,e693f8b5086ef058f1b8f81e0e0e84656d79d89fe8d5a129ff9e0d552579fe36,
2024-02-08_kidney-69_P2D10_Suspension_DMSO-A_72h_BF_5x,kidney_69_Suspension_DMSO_A,kidney_69,not_reported,not_reported,Suspension,DMSO,A,2024-02-08,2,10,P2D10,,University_of_Bonn,Leica_DM_IRB_Nikon_DSU3,5x,72.0,pending_annotation,Source image indexed; no instance mask was supplied or generated.,images/2024-02-08_kidney-69_P2D10_Suspension_DMSO-A_72h_BF_5x.tif,,https://doi.org/10.60507/FK2/OM25XQ,CC-BY-4.0,not_reported,not_reported,,development,,,,,,,,,,,,,4d8ef8f6327eb3aebee13d78676969e80102d0ff873991e5ad20546235e55d2d,
2024-02-08_kidney-69_P2D10_Suspension_DMSO-B_72h_BF_5x,kidney_69_Suspension_DMSO_B,kidney_69,not_reported,not_reported,Suspension,DMSO,B,2024-02-08,2,10,P2D10,,University_of_Bonn,Leica_DM_IRB_Nikon_DSU3,5x,72.0,pending_annotation,Source image indexed; no instance mask was supplied or generated.,images/2024-02-08_kidney-69_P2D10_Suspension_DMSO-B_72h_BF_5x.tif,,https://doi.org/10.60507/FK2/OM25XQ,CC-BY-4.0,not_reported,not_reported,,development,,,,,,,,,,,,,3c5592120b34e552e933928a599b8f8164c4cbebc8769d0246e2eb66c89f428e,
2024-02-08_kidney-69_P2D10_Suspension_DMSO-C_72h_BF_5x,kidney_69_Suspension_DMSO_C,kidney_69,not_reported,not_reported,Suspension,DMSO,C,2024-02-08,2,10,P2D10,,University_of_Bonn,Leica_DM_IRB_Nikon_DSU3,5x,72.0,pending_annotation,Source image indexed; no instance mask was supplied or generated.,images/2024-02-08_kidney-69_P2D10_Suspension_DMSO-C_72h_BF_5x.tif,,https://doi.org/10.60507/FK2/OM25XQ,CC-BY-4.0,not_reported,not_reported,,development,,,,,,,,,,,,,39482207b173a558741597c8cc36037bda9496aad52931e6ef1b4f2898a35e8e,
2024-02-08_kidney-69_P2D10_Suspension_Forskolin-A_72h_BF_5x,kidney_69_Suspension_Forskolin_A,kidney_69,not_reported,not_reported,Suspension,Forskolin,A,2024-02-08,2,10,P2D10,,University_of_Bonn,Leica_DM_IRB_Nikon_DSU3,5x,72.0,pending_annotation,Source image indexed; no instance mask was supplied or generated.,images/2024-02-08_kidney-69_P2D10_Suspension_Forskolin-A_72h_BF_5x.tif,,https://doi.org/10.60507/FK2/OM25XQ,CC-BY-4.0,not_reported,not_reported,,development,,,,,,,,,,,,,1e283f069d836e2b7274d9b874081d6838b75601dda81f9493fed3f4995529c8,
2024-02-08_kidney-69_P2D10_Suspension_Forskolin-B_72h_BF_5x,kidney_69_Suspension_Forskolin_B,kidney_69,not_reported,not_reported,Suspension,Forskolin,B,2024-02-08,2,10,P2D10,,University_of_Bonn,Leica_DM_IRB_Nikon_DSU3,5x,72.0,pending_annotation,Source image indexed; no instance mask was supplied or generated.,images/2024-02-08_kidney-69_P2D10_Suspension_Forskolin-B_72h_BF_5x.tif,,https://doi.org/10.60507/FK2/OM25XQ,CC-BY-4.0,not_reported,not_reported,,development,,,,,,,,,,,,,23ecab21a751090061ef0cdc128ab4117b0dd59f93bdc63239e72d5fceb5a4d5,
2024-02-08_kidney-69_P2D10_Suspension_Forskolin-C_72h_BF_5x,kidney_69_Suspension_Forskolin_C,kidney_69,not_reported,not_reported,Suspension,Forskolin,C,2024-02-08,2,10,P2D10,,University_of_Bonn,Leica_DM_IRB_Nikon_DSU3,5x,72.0,pending_annotation,Source image indexed; no instance mask was supplied or generated.,images/2024-02-08_kidney-69_P2D10_Suspension_Forskolin-C_72h_BF_5x.tif,,https://doi.org/10.60507/FK2/OM25XQ,CC-BY-4.0,not_reported,not_reported,,development,,,,,,,,,,,,,9dad185c54d86fb532344df417879de5265cd270d260d8510789b60f8c122045,
2024-02-08_kidney-69_P2D10_Suspension_Media-A_72h_BF_5x,kidney_69_Suspension_Media_A,kidney_69,not_reported,not_reported,Suspension,Media,A,2024-02-08,2,10,P2D10,,University_of_Bonn,Leica_DM_IRB_Nikon_DSU3,5x,72.0,pending_annotation,Source image indexed; no instance mask was supplied or generated.,images/2024-02-08_kidney-69_P2D10_Suspension_Media-A_72h_BF_5x.tif,,https://doi.org/10.60507/FK2/OM25XQ,CC-BY-4.0,not_reported,not_reported,,development,,,,,,,,,,,,,14d8cbbb47d30c76b6b5b2e1ef5641c27fe64bdd975814577a3853a3daa6ca42,
2024-02-08_kidney-69_P2D10_Suspension_Media-B_72h_BF_5x,kidney_69_Suspension_Media_B,kidney_69,not_reported,not_reported,Suspension,Media,B,2024-02-08,2,10,P2D10,,University_of_Bonn,Leica_DM_IRB_Nikon_DSU3,5x,72.0,pending_annotation,Source image indexed; no instance mask was supplied or generated.,images/2024-02-08_kidney-69_P2D10_Suspension_Media-B_72h_BF_5x.tif,,https://doi.org/10.60507/FK2/OM25XQ,CC-BY-4.0,not_reported,not_reported,,development,,,,,,,,,,,,,18aa352e8fb30f6d1a82125eff35fb98ed4f52b2a1669fb9640872537a8bbfbe,
2024-02-08_kidney-69_P2D10_Suspension_Media-C_72h_BF_5x,kidney_69_Suspension_Media_C,kidney_69,not_reported,not_reported,Suspension,Media,C,2024-02-08,2,10,P2D10,,University_of_Bonn,Leica_DM_IRB_Nikon_DSU3,5x,72.0,pending_annotation,Source image indexed; no instance mask was supplied or generated.,images/2024-02-08_kidney-69_P2D10_Suspension_Media-C_72h_BF_5x.tif,,https://doi.org/10.60507/FK2/OM25XQ,CC-BY-4.0,not_reported,not_reported,,development,,,,,,,,,,,,,5bbb606916eb3fc28d5819c9fe993250442fab7790c5502f6e5964d780b9a47a,
2024-11-04_kidney-00_P2D7_Domes_DMSO-A_0h_BF_5x,kidney_00_Domes_DMSO_A,kidney_00,not_reported,not_reported,Domes,DMSO,A,2024-11-04,2,7,P2D7,,University_of_Bonn,Leica_DM_IRB_Nikon_DSU3,5x,0.0,pending_annotation,Source image indexed; no instance mask was supplied or generated.,images/2024-11-04_kidney-00_P2D7_Domes_DMSO-A_0h_BF_5x.tif,,https://doi.org/10.60507/FK2/OM25XQ,CC-BY-4.0,not_reported,not_reported,,development,,,,,,,,,,,,,adc89af1866dfa12f4acf72ed818037db21f1c8e823e7c3f212cfddadd7462f4,
2024-11-04_kidney-00_P2D7_Domes_DMSO-A_5h_BF_5x,kidney_00_Domes_DMSO_A,kidney_00,not_reported,not_reported,Domes,DMSO,A,2024-11-04,2,7,P2D7,,University_of_Bonn,Leica_DM_IRB_Nikon_DSU3,5x,5.0,pending_annotation,Source image indexed; no instance mask was supplied or generated.,images/2024-11-04_kidney-00_P2D7_Domes_DMSO-A_5h_BF_5x.tif,,https://doi.org/10.60507/FK2/OM25XQ,CC-BY-4.0,not_reported,not_reported,,development,,,,,,,,,,,,,0eab2e2bdde08dd98be134719b3af7305f83c362f9e1698fab970e4257ee13d6,
2024-11-04_kidney-00_P2D7_Domes_DMSO-B_0h_BF_5x,kidney_00_Domes_DMSO_B,kidney_00,not_reported,not_reported,Domes,DMSO,B,2024-11-04,2,7,P2D7,,University_of_Bonn,Leica_DM_IRB_Nikon_DSU3,5x,0.0,pending_annotation,Source image indexed; no instance mask was supplied or generated.,images/2024-11-04_kidney-00_P2D7_Domes_DMSO-B_0h_BF_5x.tif,,https://doi.org/10.60507/FK2/OM25XQ,CC-BY-4.0,not_reported,not_reported,,development,,,,,,,,,,,,,d152acecf67e3c658e0e5c7d3eb088ba080fb734519f1820b4362c4df8a1b101,
2024-11-04_kidney-00_P2D7_Domes_DMSO-B_5h_BF_5x,kidney_00_Domes_DMSO_B,kidney_00,not_reported,not_reported,Domes,DMSO,B,2024-11-04,2,7,P2D7,,University_of_Bonn,Leica_DM_IRB_Nikon_DSU3,5x,5.0,pending_annotation,Source image indexed; no instance mask was supplied or generated.,images/2024-11-04_kidney-00_P2D7_Domes_DMSO-B_5h_BF_5x.tif,,https://doi.org/10.60507/FK2/OM25XQ,CC-BY-4.0,not_reported,not_reported,,development,,,,,,,,,,,,,e87db9751c2ef4d692ff1eb040b8b2b76be0cbefc5c06b2662dec66a565c9c0f,
2024-11-04_kidney-00_P2D7_Domes_DMSO-C_0h_BF_5x,kidney_00_Domes_DMSO_C,kidney_00,not_reported,not_reported,Domes,DMSO,C,2024-11-04,2,7,P2D7,,University_of_Bonn,Leica_DM_IRB_Nikon_DSU3,5x,0.0,pending_annotation,Source image indexed; no instance mask was supplied or generated.,images/2024-11-04_kidney-00_P2D7_Domes_DMSO-C_0h_BF_5x.tif,,https://doi.org/10.60507/FK2/OM25XQ,CC-BY-4.0,not_reported,not_reported,,development,,,,,,,,,,,,,952e265151139d54d27c1cef9851267060ec194e78819e2b9c4568f34fc48e1e,
2024-11-04_kidney-00_P2D7_Domes_DMSO-C_5h_BF_5x,kidney_00_Domes_DMSO_C,kidney_00,not_reported,not_reported,Domes,DMSO,C,2024-11-04,2,7,P2D7,,University_of_Bonn,Leica_DM_IRB_Nikon_DSU3,5x,5.0,pending_annotation,Source image indexed; no instance mask was supplied or generated.,images/2024-11-04_kidney-00_P2D7_Domes_DMSO-C_5h_BF_5x.tif,,https://doi.org/10.60507/FK2/OM25XQ,CC-BY-4.0,not_reported,not_reported,,development,,,,,,,,,,,,,3daeb57689397135eb733a4f6561a965a5e2fe5fd8b176cb729175d2c07269a3,
2024-11-04_kidney-00_P2D7_Domes_Forskolin-A_0h_BF_5x,kidney_00_Domes_Forskolin_A,kidney_00,not_reported,not_reported,Domes,Forskolin,A,2024-11-04,2,7,P2D7,,University_of_Bonn,Leica_DM_IRB_Nikon_DSU3,5x,0.0,pending_annotation,Source image indexed; no instance mask was supplied or generated.,images/2024-11-04_kidney-00_P2D7_Domes_Forskolin-A_0h_BF_5x.tif,,https://doi.org/10.60507/FK2/OM25XQ,CC-BY-4.0,not_reported,not_reported,,development,,,,,,,,,,,,,8b3ebcb8e67f3b344c37e471b1dad241a8ff194a6d6e095642b514765133e79d,
2024-11-04_kidney-00_P2D7_Domes_Forskolin-A_5h_BF_5x,kidney_00_Domes_Forskolin_A,kidney_00,not_reported,not_reported,Domes,Forskolin,A,2024-11-04,2,7,P2D7,,University_of_Bonn,Leica_DM_IRB_Nikon_DSU3,5x,5.0,pending_annotation,Source image indexed; no instance mask was supplied or generated.,images/2024-11-04_kidney-00_P2D7_Domes_Forskolin-A_5h_BF_5x.tif,,https://doi.org/10.60507/FK2/OM25XQ,CC-BY-4.0,not_reported,not_reported,,development,,,,,,,,,,,,,d3f102123a2b523bc08e4122da4783a4ee5df35ca6243967f0913669940fd08a,
2024-11-04_kidney-00_P2D7_Domes_Forskolin-B_0h_BF_5x,kidney_00_Domes_Forskolin_B,kidney_00,not_reported,not_reported,Domes,Forskolin,B,2024-11-04,2,7,P2D7,,University_of_Bonn,Leica_DM_IRB_Nikon_DSU3,5x,0.0,pending_annotation,Source image indexed; no instance mask was supplied or generated.,images/2024-11-04_kidney-00_P2D7_Domes_Forskolin-B_0h_BF_5x.tif,,https://doi.org/10.60507/FK2/OM25XQ,CC-BY-4.0,not_reported,not_reported,,development,,,,,,,,,,,,,faf523b33fca0dc3c08806929166746b57096040f328aa5ae65ecde26f6cf919,
2024-11-04_kidney-00_P2D7_Domes_Forskolin-B_5h_BF_5x,kidney_00_Domes_Forskolin_B,kidney_00,not_reported,not_reported,Domes,Forskolin,B,2024-11-04,2,7,P2D7,,University_of_Bonn,Leica_DM_IRB_Nikon_DSU3,5x,5.0,pending_annotation,Source image indexed; no instance mask was supplied or generated.,images/2024-11-04_kidney-00_P2D7_Domes_Forskolin-B_5h_BF_5x.tif,,https://doi.org/10.60507/FK2/OM25XQ,CC-BY-4.0,not_reported,not_reported,,development,,,,,,,,,,,,,12b0cc0170893f094f1db8b318e80f0e11272b625acc95166d0969e5de3c4d93,
2024-11-04_kidney-00_P2D7_Domes_Forskolin-C_0h_BF_5x,kidney_00_Domes_Forskolin_C,kidney_00,not_reported,not_reported,Domes,Forskolin,C,2024-11-04,2,7,P2D7,,University_of_Bonn,Leica_DM_IRB_Nikon_DSU3,5x,0.0,pending_annotation,Source image indexed; no instance mask was supplied or generated.,images/2024-11-04_kidney-00_P2D7_Domes_Forskolin-C_0h_BF_5x.tif,,https://doi.org/10.60507/FK2/OM25XQ,CC-BY-4.0,not_reported,not_reported,,development,,,,,,,,,,,,,a0c7f2a539a6f844d98824071782ff1965f67dbf6cffed27cc3f91cadfd11bff,
2024-11-04_kidney-00_P2D7_Domes_Forskolin-C_5h_BF_5x,kidney_00_Domes_Forskolin_C,kidney_00,not_reported,not_reported,Domes,Forskolin,C,2024-11-04,2,7,P2D7,,University_of_Bonn,Leica_DM_IRB_Nikon_DSU3,5x,5.0,pending_annotation,Source image indexed; no instance mask was supplied or generated.,images/2024-11-04_kidney-00_P2D7_Domes_Forskolin-C_5h_BF_5x.tif,,https://doi.org/10.60507/FK2/OM25XQ,CC-BY-4.0,not_reported,not_reported,,development,,,,,,,,,,,,,2388b1288b70173fa898225a720a52109d5666424512c5d050fe99ba0eed67ea,
2024-11-04_kidney-00_P2D7_Domes_Media-A_0h_BF_5x,kidney_00_Domes_Media_A,kidney_00,not_reported,not_reported,Domes,Media,A,2024-11-04,2,7,P2D7,,University_of_Bonn,Leica_DM_IRB_Nikon_DSU3,5x,0.0,pending_annotation,Source image indexed; no instance mask was supplied or generated.,images/2024-11-04_kidney-00_P2D7_Domes_Media-A_0h_BF_5x.tif,,https://doi.org/10.60507/FK2/OM25XQ,CC-BY-4.0,not_reported,not_reported,,development,,,,,,,,,,,,,00ee9a094c1901e03a6f42430b200fd8e17662d6bd0f82e2bea4e86c3616e061,
2024-11-04_kidney-00_P2D7_Domes_Media-A_5h_BF_5x,kidney_00_Domes_Media_A,kidney_00,not_reported,not_reported,Domes,Media,A,2024-11-04,2,7,P2D7,,University_of_Bonn,Leica_DM_IRB_Nikon_DSU3,5x,5.0,pending_annotation,Source image indexed; no instance mask was supplied or generated.,images/2024-11-04_kidney-00_P2D7_Domes_Media-A_5h_BF_5x.tif,,https://doi.org/10.60507/FK2/OM25XQ,CC-BY-4.0,not_reported,not_reported,,development,,,,,,,,,,,,,54bc2d72764496cc67de87f035893fb1f47fab1159906d1497b778df7a5998b1,
2024-11-04_kidney-00_P2D7_Domes_Media-B_0h_BF_5x,kidney_00_Domes_Media_B,kidney_00,not_reported,not_reported,Domes,Media,B,2024-11-04,2,7,P2D7,,University_of_Bonn,Leica_DM_IRB_Nikon_DSU3,5x,0.0,pending_annotation,Source image indexed; no instance mask was supplied or generated.,images/2024-11-04_kidney-00_P2D7_Domes_Media-B_0h_BF_5x.tif,,https://doi.org/10.60507/FK2/OM25XQ,CC-BY-4.0,not_reported,not_reported,,development,,,,,,,,,,,,,e0d80f64bb9e2d6051a17062b92318fd0a0279e26eff3efc357ddd1c49b36788,
2024-11-04_kidney-00_P2D7_Domes_Media-B_5h_BF_5x,kidney_00_Domes_Media_B,kidney_00,not_reported,not_reported,Domes,Media,B,2024-11-04,2,7,P2D7,,University_of_Bonn,Leica_DM_IRB_Nikon_DSU3,5x,5.0,pending_annotation,Source image indexed; no instance mask was supplied or generated.,images/2024-11-04_kidney-00_P2D7_Domes_Media-B_5h_BF_5x.tif,,https://doi.org/10.60507/FK2/OM25XQ,CC-BY-4.0,not_reported,not_reported,,development,,,,,,,,,,,,,153179ba38ef95bb0197b6d0d40aeea86fccacc5a4617d063467d0543446bcb3,
2024-11-04_kidney-00_P2D7_Domes_Media-C_0h_BF_5x,kidney_00_Domes_Media_C,kidney_00,not_reported,not_reported,Domes,Media,C,2024-11-04,2,7,P2D7,,University_of_Bonn,Leica_DM_IRB_Nikon_DSU3,5x,0.0,pending_annotation,Source image indexed; no instance mask was supplied or generated.,images/2024-11-04_kidney-00_P2D7_Domes_Media-C_0h_BF_5x.tif,,https://doi.org/10.60507/FK2/OM25XQ,CC-BY-4.0,not_reported,not_reported,,development,,,,,,,,,,,,,b8f425a0170e8d851990974962e2474f769c3832b93e87d3cd1f14e5e67c23f1,
2024-11-04_kidney-00_P2D7_Domes_Media-C_5h_BF_5x,kidney_00_Domes_Media_C,kidney_00,not_reported,not_reported,Domes,Media,C,2024-11-04,2,7,P2D7,,University_of_Bonn,Leica_DM_IRB_Nikon_DSU3,5x,5.0,pending_annotation,Source image indexed; no instance mask was supplied or generated.,images/2024-11-04_kidney-00_P2D7_Domes_Media-C_5h_BF_5x.tif,,https://doi.org/10.60507/FK2/OM25XQ,CC-BY-4.0,not_reported,not_reported,,development,,,,,,,,,,,,,df32ebdb02de7c29a54304254e15221397d1daf870e1c8dfd73aec02ebb68ddc,
2024-11-05_kidney-00_P2D8_Domes_DMSO-A_24h_BF_5x,kidney_00_Domes_DMSO_A,kidney_00,not_reported,not_reported,Domes,DMSO,A,2024-11-05,2,8,P2D8,,University_of_Bonn,Leica_DM_IRB_Nikon_DSU3,5x,24.0,pending_annotation,Source image indexed; no instance mask was supplied or generated.,images/2024-11-05_kidney-00_P2D8_Domes_DMSO-A_24h_BF_5x.tif,,https://doi.org/10.60507/FK2/OM25XQ,CC-BY-4.0,not_reported,not_reported,,development,,,,,,,,,,,,,6c0ca973f6a20519222beaa7d54f1d5e3e1e9ce732e1286fd84f5fc768ccc774,
2024-11-05_kidney-00_P2D8_Domes_DMSO-B_24h_BF_5x,kidney_00_Domes_DMSO_B,kidney_00,not_reported,not_reported,Domes,DMSO,B,2024-11-05,2,8,P2D8,,University_of_Bonn,Leica_DM_IRB_Nikon_DSU3,5x,24.0,pending_annotation,Source image indexed; no instance mask was supplied or generated.,images/2024-11-05_kidney-00_P2D8_Domes_DMSO-B_24h_BF_5x.tif,,https://doi.org/10.60507/FK2/OM25XQ,CC-BY-4.0,not_reported,not_reported,,development,,,,,,,,,,,,,b79c17d5dac566384f4f49b34b04a72d2e00b058c0b2d055fbe551e67f56a535,
2024-11-05_kidney-00_P2D8_Domes_DMSO-C_24h_BF_5x,kidney_00_Domes_DMSO_C,kidney_00,not_reported,not_reported,Domes,DMSO,C,2024-11-05,2,8,P2D8,,University_of_Bonn,Leica_DM_IRB_Nikon_DSU3,5x,24.0,pending_annotation,Source image indexed; no instance mask was supplied or generated.,images/2024-11-05_kidney-00_P2D8_Domes_DMSO-C_24h_BF_5x.tif,,https://doi.org/10.60507/FK2/OM25XQ,CC-BY-4.0,not_reported,not_reported,,development,,,,,,,,,,,,,cdda86504f9da41d0ccf51f8153b0f97c477016fe231a6a7ab569dd6742618d2,
2024-11-05_kidney-00_P2D8_Domes_Forskolin-A_24h_BF_5x,kidney_00_Domes_Forskolin_A,kidney_00,not_reported,not_reported,Domes,Forskolin,A,2024-11-05,2,8,P2D8,,University_of_Bonn,Leica_DM_IRB_Nikon_DSU3,5x,24.0,pending_annotation,Source image indexed; no instance mask was supplied or generated.,images/2024-11-05_kidney-00_P2D8_Domes_Forskolin-A_24h_BF_5x.tif,,https://doi.org/10.60507/FK2/OM25XQ,CC-BY-4.0,not_reported,not_reported,,development,,,,,,,,,,,,,bbfce2dc4cc65eec28554bb94cc1735f980c81d20ada225171a3f503d319c745,
2024-11-05_kidney-00_P2D8_Domes_Forskolin-B_24h_BF_5x,kidney_00_Domes_Forskolin_B,kidney_00,not_reported,not_reported,Domes,Forskolin,B,2024-11-05,2,8,P2D8,,University_of_Bonn,Leica_DM_IRB_Nikon_DSU3,5x,24.0,pending_annotation,Source image indexed; no instance mask was supplied or generated.,images/2024-11-05_kidney-00_P2D8_Domes_Forskolin-B_24h_BF_5x.tif,,https://doi.org/10.60507/FK2/OM25XQ,CC-BY-4.0,not_reported,not_reported,,development,,,,,,,,,,,,,75be979dccbf2d3008f4275e2e0ce29a0c5b2b7bbce85e1bc336029e025ea5f9,
2024-11-05_kidney-00_P2D8_Domes_Forskolin-C_24h_BF_5x,kidney_00_Domes_Forskolin_C,kidney_00,not_reported,not_reported,Domes,Forskolin,C,2024-11-05,2,8,P2D8,,University_of_Bonn,Leica_DM_IRB_Nikon_DSU3,5x,24.0,pending_annotation,Source image indexed; no instance mask was supplied or generated.,images/2024-11-05_kidney-00_P2D8_Domes_Forskolin-C_24h_BF_5x.tif,,https://doi.org/10.60507/FK2/OM25XQ,CC-BY-4.0,not_reported,not_reported,,development,,,,,,,,,,,,,011f46b87759fa5b06b45aea274d1d99029153a1e6f3f47eb836642f84b6a47d,
2024-11-05_kidney-00_P2D8_Domes_Media-A_24h_BF_5x,kidney_00_Domes_Media_A,kidney_00,not_reported,not_reported,Domes,Media,A,2024-11-05,2,8,P2D8,,University_of_Bonn,Leica_DM_IRB_Nikon_DSU3,5x,24.0,pending_annotation,Source image indexed; no instance mask was supplied or generated.,images/2024-11-05_kidney-00_P2D8_Domes_Media-A_24h_BF_5x.tif,,https://doi.org/10.60507/FK2/OM25XQ,CC-BY-4.0,not_reported,not_reported,,development,,,,,,,,,,,,,9ff4e950a97575545500622622c84618792436f0d56e46e5cf432c75f0022fd4,
2024-11-05_kidney-00_P2D8_Domes_Media-B_24h_BF_5x,kidney_00_Domes_Media_B,kidney_00,not_reported,not_reported,Domes,Media,B,2024-11-05,2,8,P2D8,,University_of_Bonn,Leica_DM_IRB_Nikon_DSU3,5x,24.0,pending_annotation,Source image indexed; no instance mask was supplied or generated.,images/2024-11-05_kidney-00_P2D8_Domes_Media-B_24h_BF_5x.tif,,https://doi.org/10.60507/FK2/OM25XQ,CC-BY-4.0,not_reported,not_reported,,development,,,,,,,,,,,,,75d62adef4cac66a5defba0490070bda438bd1633a46885ccf64671ffef6352d,
2024-11-05_kidney-00_P2D8_Domes_Media-C_24h_BF_5x,kidney_00_Domes_Media_C,kidney_00,not_reported,not_reported,Domes,Media,C,2024-11-05,2,8,P2D8,,University_of_Bonn,Leica_DM_IRB_Nikon_DSU3,5x,24.0,pending_annotation,Source image indexed; no instance mask was supplied or generated.,images/2024-11-05_kidney-00_P2D8_Domes_Media-C_24h_BF_5x.tif,,https://doi.org/10.60507/FK2/OM25XQ,CC-BY-4.0,not_reported,not_reported,,development,,,,,,,,,,,,,753a4cf8aeda65d42bae550954c9ce47181aabe70a9e2811af15aa04e704675c,
2024-11-06_kidney-00_P2D9_Domes_DMSO-A_48h_BF_5x,kidney_00_Domes_DMSO_A,kidney_00,not_reported,not_reported,Domes,DMSO,A,2024-11-06,2,9,P2D9,,University_of_Bonn,Leica_DM_IRB_Nikon_DSU3,5x,48.0,pending_annotation,Source image indexed; no instance mask was supplied or generated.,images/2024-11-06_kidney-00_P2D9_Domes_DMSO-A_48h_BF_5x.tif,,https://doi.org/10.60507/FK2/OM25XQ,CC-BY-4.0,not_reported,not_reported,,development,,,,,,,,,,,,,733fe85becaf6de3db5f6a373dc70c2b954b2235b149c0be51632914a5ad7a61,
2024-11-06_kidney-00_P2D9_Domes_DMSO-B_48h_BF_5x,kidney_00_Domes_DMSO_B,kidney_00,not_reported,not_reported,Domes,DMSO,B,2024-11-06,2,9,P2D9,,University_of_Bonn,Leica_DM_IRB_Nikon_DSU3,5x,48.0,pending_annotation,Source image indexed; no instance mask was supplied or generated.,images/2024-11-06_kidney-00_P2D9_Domes_DMSO-B_48h_BF_5x.tif,,https://doi.org/10.60507/FK2/OM25XQ,CC-BY-4.0,not_reported,not_reported,,development,,,,,,,,,,,,,639f680d0081d37959a2851de93ad9c62223fa6d3e4dccf8a2c9799afdb7b2df,
2024-11-06_kidney-00_P2D9_Domes_DMSO-C_48h_BF_5x,kidney_00_Domes_DMSO_C,kidney_00,not_reported,not_reported,Domes,DMSO,C,2024-11-06,2,9,P2D9,,University_of_Bonn,Leica_DM_IRB_Nikon_DSU3,5x,48.0,pending_annotation,Source image indexed; no instance mask was supplied or generated.,images/2024-11-06_kidney-00_P2D9_Domes_DMSO-C_48h_BF_5x.tif,,https://doi.org/10.60507/FK2/OM25XQ,CC-BY-4.0,not_reported,not_reported,,development,,,,,,,,,,,,,c3c79f2ebc928e653b367fa141429ddbe8bafe8e41dae67c63e9f8f49568f905,
2024-11-06_kidney-00_P2D9_Domes_Forskolin-A_48h_BF_5x,kidney_00_Domes_Forskolin_A,kidney_00,not_reported,not_reported,Domes,Forskolin,A,2024-11-06,2,9,P2D9,,University_of_Bonn,Leica_DM_IRB_Nikon_DSU3,5x,48.0,pending_annotation,Source image indexed; no instance mask was supplied or generated.,images/2024-11-06_kidney-00_P2D9_Domes_Forskolin-A_48h_BF_5x.tif,,https://doi.org/10.60507/FK2/OM25XQ,CC-BY-4.0,not_reported,not_reported,,development,,,,,,,,,,,,,979469966f3679187831078dfa9e9fef1dd9a618d9dbdffd121d09b2772d3d45,
2024-11-06_kidney-00_P2D9_Domes_Forskolin-B_48h_BF_5x,kidney_00_Domes_Forskolin_B,kidney_00,not_reported,not_reported,Domes,Forskolin,B,2024-11-06,2,9,P2D9,,University_of_Bonn,Leica_DM_IRB_Nikon_DSU3,5x,48.0,pending_annotation,Source image indexed; no instance mask was supplied or generated.,images/2024-11-06_kidney-00_P2D9_Domes_Forskolin-B_48h_BF_5x.tif,,https://doi.org/10.60507/FK2/OM25XQ,CC-BY-4.0,not_reported,not_reported,,development,,,,,,,,,,,,,b178abf652c842a639b213c179faf986fbe1fe102aaab6589633a0802e0ca84f,
2024-11-06_kidney-00_P2D9_Domes_Forskolin-C_48h_BF_5x,kidney_00_Domes_Forskolin_C,kidney_00,not_reported,not_reported,Domes,Forskolin,C,2024-11-06,2,9,P2D9,,University_of_Bonn,Leica_DM_IRB_Nikon_DSU3,5x,48.0,pending_annotation,Source image indexed; no instance mask was supplied or generated.,images/2024-11-06_kidney-00_P2D9_Domes_Forskolin-C_48h_BF_5x.tif,,https://doi.org/10.60507/FK2/OM25XQ,CC-BY-4.0,not_reported,not_reported,,development,,,,,,,,,,,,,6c6980742a0cc1b3283f58fb48cb1e9e65e0ef944dd0859cd186812c23445368,
2024-11-06_kidney-00_P2D9_Domes_Media-A_48h_BF_5x,kidney_00_Domes_Media_A,kidney_00,not_reported,not_reported,Domes,Media,A,2024-11-06,2,9,P2D9,,University_of_Bonn,Leica_DM_IRB_Nikon_DSU3,5x,48.0,pending_annotation,Source image indexed; no instance mask was supplied or generated.,images/2024-11-06_kidney-00_P2D9_Domes_Media-A_48h_BF_5x.tif,,https://doi.org/10.60507/FK2/OM25XQ,CC-BY-4.0,not_reported,not_reported,,development,,,,,,,,,,,,,99ebe76b553913083da40badad1bc72052006c1d1827567f4e3e2f552b87804b,
2024-11-06_kidney-00_P2D9_Domes_Media-B_48h_BF_5x,kidney_00_Domes_Media_B,kidney_00,not_reported,not_reported,Domes,Media,B,2024-11-06,2,9,P2D9,,University_of_Bonn,Leica_DM_IRB_Nikon_DSU3,5x,48.0,pending_annotation,Source image indexed; no instance mask was supplied or generated.,images/2024-11-06_kidney-00_P2D9_Domes_Media-B_48h_BF_5x.tif,,https://doi.org/10.60507/FK2/OM25XQ,CC-BY-4.0,not_reported,not_reported,,development,,,,,,,,,,,,,7eb1ae58233f6d5f4c23cb71d96f6618103f52c2bf6ce139b452d7c163a47525,
2024-11-06_kidney-00_P2D9_Domes_Media-C_48h_BF_5x,kidney_00_Domes_Media_C,kidney_00,not_reported,not_reported,Domes,Media,C,2024-11-06,2,9,P2D9,,University_of_Bonn,Leica_DM_IRB_Nikon_DSU3,5x,48.0,pending_annotation,Source image indexed; no instance mask was supplied or generated.,images/2024-11-06_kidney-00_P2D9_Domes_Media-C_48h_BF_5x.tif,,https://doi.org/10.60507/FK2/OM25XQ,CC-BY-4.0,not_reported,not_reported,,development,,,,,,,,,,,,,f541eaa8be11bf3ec418f0e7b1771dcfa4e816334fd814d387c857cfd4af7610,
2024-11-07_kidney-00_P2D10_Domes_DMSO-A_72h_BF_5x,kidney_00_Domes_DMSO_A,kidney_00,not_reported,not_reported,Domes,DMSO,A,2024-11-07,2,10,P2D10,,University_of_Bonn,Leica_DM_IRB_Nikon_DSU3,5x,72.0,pending_annotation,Source image indexed; no instance mask was supplied or generated.,images/2024-11-07_kidney-00_P2D10_Domes_DMSO-A_72h_BF_5x.tif,,https://doi.org/10.60507/FK2/OM25XQ,CC-BY-4.0,not_reported,not_reported,,development,,,,,,,,,,,,,5e0124e15bd44f00fdef7c5ba0352bd764e2c6041aa4074e501422f8c965e270,
2024-11-07_kidney-00_P2D10_Domes_DMSO-B_72h_BF_5x,kidney_00_Domes_DMSO_B,kidney_00,not_reported,not_reported,Domes,DMSO,B,2024-11-07,2,10,P2D10,,University_of_Bonn,Leica_DM_IRB_Nikon_DSU3,5x,72.0,pending_annotation,Source image indexed; no instance mask was supplied or generated.,images/2024-11-07_kidney-00_P2D10_Domes_DMSO-B_72h_BF_5x.tif,,https://doi.org/10.60507/FK2/OM25XQ,CC-BY-4.0,not_reported,not_reported,,development,,,,,,,,,,,,,b1741a3597d809b67b45cab03c43129535a131cb6762c3b267dd36048d2fc427,
2024-11-07_kidney-00_P2D10_Domes_DMSO-C_72h_BF_5x,kidney_00_Domes_DMSO_C,kidney_00,not_reported,not_reported,Domes,DMSO,C,2024-11-07,2,10,P2D10,,University_of_Bonn,Leica_DM_IRB_Nikon_DSU3,5x,72.0,pending_annotation,Source image indexed; no instance mask was supplied or generated.,images/2024-11-07_kidney-00_P2D10_Domes_DMSO-C_72h_BF_5x.tif,,https://doi.org/10.60507/FK2/OM25XQ,CC-BY-4.0,not_reported,not_reported,,development,,,,,,,,,,,,,1e0331812a35b9b5dad0b5c1da71cc7f20d625d14f7d09e4bd6ad21aa3e1c5e7,
2024-11-07_kidney-00_P2D10_Domes_Forskolin-A_72h_BF_5x,kidney_00_Domes_Forskolin_A,kidney_00,not_reported,not_reported,Domes,Forskolin,A,2024-11-07,2,10,P2D10,,University_of_Bonn,Leica_DM_IRB_Nikon_DSU3,5x,72.0,pending_annotation,Source image indexed; no instance mask was supplied or generated.,images/2024-11-07_kidney-00_P2D10_Domes_Forskolin-A_72h_BF_5x.tif,,https://doi.org/10.60507/FK2/OM25XQ,CC-BY-4.0,not_reported,not_reported,,development,,,,,,,,,,,,,a1d6f9c19dcbd9cc227549544ca3be54ad145087d2e0e54ca01285825161b21b,
2024-11-07_kidney-00_P2D10_Domes_Forskolin-B_72h_BF_5x,kidney_00_Domes_Forskolin_B,kidney_00,not_reported,not_reported,Domes,Forskolin,B,2024-11-07,2,10,P2D10,,University_of_Bonn,Leica_DM_IRB_Nikon_DSU3,5x,72.0,pending_annotation,Source image indexed; no instance mask was supplied or generated.,images/2024-11-07_kidney-00_P2D10_Domes_Forskolin-B_72h_BF_5x.tif,,https://doi.org/10.60507/FK2/OM25XQ,CC-BY-4.0,not_reported,not_reported,,development,,,,,,,,,,,,,4573797d3714bb9d361af378276208a5a3edcf2175ebe5bf25e2e3fc076ad789,
2024-11-07_kidney-00_P2D10_Domes_Forskolin-C_72h_BF_5x,kidney_00_Domes_Forskolin_C,kidney_00,not_reported,not_reported,Domes,Forskolin,C,2024-11-07,2,10,P2D10,,University_of_Bonn,Leica_DM_IRB_Nikon_DSU3,5x,72.0,pending_annotation,Source image indexed; no instance mask was supplied or generated.,images/2024-11-07_kidney-00_P2D10_Domes_Forskolin-C_72h_BF_5x.tif,,https://doi.org/10.60507/FK2/OM25XQ,CC-BY-4.0,not_reported,not_reported,,development,,,,,,,,,,,,,ca2b5df20b175ede1bcea21a2ae3997a90b01d5cbe9308f23a47f5627ea1b59c,
2024-11-07_kidney-00_P2D10_Domes_Media-A_72h_BF_5x,kidney_00_Domes_Media_A,kidney_00,not_reported,not_reported,Domes,Media,A,2024-11-07,2,10,P2D10,,University_of_Bonn,Leica_DM_IRB_Nikon_DSU3,5x,72.0,pending_annotation,Source image indexed; no instance mask was supplied or generated.,images/2024-11-07_kidney-00_P2D10_Domes_Media-A_72h_BF_5x.tif,,https://doi.org/10.60507/FK2/OM25XQ,CC-BY-4.0,not_reported,not_reported,,development,,,,,,,,,,,,,cfe51128a6aa5e48f423099709ebd2dfb9eb7e234ba741f462902c880d637255,
2024-11-07_kidney-00_P2D10_Domes_Media-B_72h_BF_5x,kidney_00_Domes_Media_B,kidney_00,not_reported,not_reported,Domes,Media,B,2024-11-07,2,10,P2D10,,University_of_Bonn,Leica_DM_IRB_Nikon_DSU3,5x,72.0,pending_annotation,Source image indexed; no instance mask was supplied or generated.,images/2024-11-07_kidney-00_P2D10_Domes_Media-B_72h_BF_5x.tif,,https://doi.org/10.60507/FK2/OM25XQ,CC-BY-4.0,not_reported,not_reported,,development,,,,,,,,,,,,,a603395a68b62a09bdf3ce00d03960ddf6686b545c34fc425954cfeeae2bf2e0,
2024-11-07_kidney-00_P2D10_Domes_Media-C_72h_BF_5x,kidney_00_Domes_Media_C,kidney_00,not_reported,not_reported,Domes,Media,C,2024-11-07,2,10,P2D10,,University_of_Bonn,Leica_DM_IRB_Nikon_DSU3,5x,72.0,pending_annotation,Source image indexed; no instance mask was supplied or generated.,images/2024-11-07_kidney-00_P2D10_Domes_Media-C_72h_BF_5x.tif,,https://doi.org/10.60507/FK2/OM25XQ,CC-BY-4.0,not_reported,not_reported,,development,,,,,,,,,,,,,2c9946270c9b73d6b9832834b7f1fca86b4af8098e51fb516aead8d7f69f31f0,
2025-05-26_kidney-73-25_P3D7_Suspension_Forskolin-A_0h_BF_5x,kidney_73-25_Suspension_Forskolin_A,kidney_73-25,not_reported,not_reported,Suspension,Forskolin,A,2025-05-26,3,7,P3D7,,University_of_Bonn,Leica_DM_IRB_Nikon_DSU3,5x,0.0,pending_annotation,Source image indexed; no instance mask was supplied or generated.,images/2025-05-26_kidney-73-25_P3D7_Suspension_Forskolin-A_0h_BF_5x.tif,,https://doi.org/10.60507/FK2/OM25XQ,CC-BY-4.0,not_reported,not_reported,,development,,,,,,,,,,,,,28235ee1d8501db40d96d28bb0c58496c61d3c4d9ac5a3992fbd395beffc75f7,
2025-05-26_kidney-73-25_P3D7_Suspension_Forskolin-A_5h_BF_5x,kidney_73-25_Suspension_Forskolin_A,kidney_73-25,not_reported,not_reported,Suspension,Forskolin,A,2025-05-26,3,7,P3D7,,University_of_Bonn,Leica_DM_IRB_Nikon_DSU3,5x,5.0,pending_annotation,Source image indexed; no instance mask was supplied or generated.,images/2025-05-26_kidney-73-25_P3D7_Suspension_Forskolin-A_5h_BF_5x.tif,,https://doi.org/10.60507/FK2/OM25XQ,CC-BY-4.0,not_reported,not_reported,,development,,,,,,,,,,,,,f956472e0ac5dbd955aad1da0c2b8f0696726a4fedb653ae85af20696e70988d,
2025-05-26_kidney-73-25_P3D7_Suspension_Media-A_0h_BF_5x,kidney_73-25_Suspension_Media_A,kidney_73-25,not_reported,not_reported,Suspension,Media,A,2025-05-26,3,7,P3D7,,University_of_Bonn,Leica_DM_IRB_Nikon_DSU3,5x,0.0,pending_annotation,Source image indexed; no instance mask was supplied or generated.,images/2025-05-26_kidney-73-25_P3D7_Suspension_Media-A_0h_BF_5x.tif,,https://doi.org/10.60507/FK2/OM25XQ,CC-BY-4.0,not_reported,not_reported,,development,,,,,,,,,,,,,4090541a79a3b11a1bf1820070a69d1483f8b1f104dfdf9c90faed91090488bf,
2025-05-26_kidney-73-25_P3D7_Suspension_Media-A_5h_BF_5x,kidney_73-25_Suspension_Media_A,kidney_73-25,not_reported,not_reported,Suspension,Media,A,2025-05-26,3,7,P3D7,,University_of_Bonn,Leica_DM_IRB_Nikon_DSU3,5x,5.0,pending_annotation,Source image indexed; no instance mask was supplied or generated.,images/2025-05-26_kidney-73-25_P3D7_Suspension_Media-A_5h_BF_5x.tif,,https://doi.org/10.60507/FK2/OM25XQ,CC-BY-4.0,not_reported,not_reported,,development,,,,,,,,,,,,,74f22a5425b561ca1083b01590cd11e5effdd680bb7fa072fe841c1335f99fd6,
2025-05-26_kidney-73-25_P3D7_Suspension_P3D7_DMSO-B_0h_BF_5x,kidney_73-25_Suspension_DMSO_B,kidney_73-25,not_reported,not_reported,Suspension,DMSO,B,2025-05-26,3,7,P3D7,P3D7,University_of_Bonn,Leica_DM_IRB_Nikon_DSU3,5x,0.0,pending_annotation,Source image indexed; no instance mask was supplied or generated.,images/2025-05-26_kidney-73-25_P3D7_Suspension_P3D7_DMSO-B_0h_BF_5x.tif,,https://doi.org/10.60507/FK2/OM25XQ,CC-BY-4.0,not_reported,not_reported,,development,,,,,,,,,,,,,880a5b716cecc3bcb4e2316028e5aa7db60f943b95d60bea70ff8db291e2e8eb,
2025-05-26_kidney-73-25_P3D7_Suspension_P3D7_DMSO-B_5h_BF_5x,kidney_73-25_Suspension_DMSO_B,kidney_73-25,not_reported,not_reported,Suspension,DMSO,B,2025-05-26,3,7,P3D7,P3D7,University_of_Bonn,Leica_DM_IRB_Nikon_DSU3,5x,5.0,pending_annotation,Source image indexed; no instance mask was supplied or generated.,images/2025-05-26_kidney-73-25_P3D7_Suspension_P3D7_DMSO-B_5h_BF_5x.tif,,https://doi.org/10.60507/FK2/OM25XQ,CC-BY-4.0,not_reported,not_reported,,development,,,,,,,,,,,,,6e90367edd95eff2a386d369f25ce4c23d22decb7017690f43ae0fbb6bbbcd57,
2025-05-27_kidney-73-25_P3D7_Suspension_P3D8_DMSO-B_24h_BF_5x,kidney_73-25_Suspension_DMSO_B,kidney_73-25,not_reported,not_reported,Suspension,DMSO,B,2025-05-27,3,7,P3D7,P3D8,University_of_Bonn,Leica_DM_IRB_Nikon_DSU3,5x,24.0,pending_annotation,Source image indexed; no instance mask was supplied or generated.,images/2025-05-27_kidney-73-25_P3D7_Suspension_P3D8_DMSO-B_24h_BF_5x.tif,,https://doi.org/10.60507/FK2/OM25XQ,CC-BY-4.0,not_reported,not_reported,,development,,,,,,,,,,,,,183fae55e212fe26272a0042748ea9441fcad640116c678e778674ececdcfcb5,
2025-05-27_kidney-73-25_P3D8_Suspension_Forskolin-A_24h_BF_5x,kidney_73-25_Suspension_Forskolin_A,kidney_73-25,not_reported,not_reported,Suspension,Forskolin,A,2025-05-27,3,8,P3D8,,University_of_Bonn,Leica_DM_IRB_Nikon_DSU3,5x,24.0,pending_annotation,Source image indexed; no instance mask was supplied or generated.,images/2025-05-27_kidney-73-25_P3D8_Suspension_Forskolin-A_24h_BF_5x.tif,,https://doi.org/10.60507/FK2/OM25XQ,CC-BY-4.0,not_reported,not_reported,,development,,,,,,,,,,,,,efde16020338cd129714de98101d56229b221ef596982db3d36742c9c209938d,
2025-05-27_kidney-73-25_P3D8_Suspension_Media-A_24h_BF_5x,kidney_73-25_Suspension_Media_A,kidney_73-25,not_reported,not_reported,Suspension,Media,A,2025-05-27,3,8,P3D8,,University_of_Bonn,Leica_DM_IRB_Nikon_DSU3,5x,24.0,pending_annotation,Source image indexed; no instance mask was supplied or generated.,images/2025-05-27_kidney-73-25_P3D8_Suspension_Media-A_24h_BF_5x.tif,,https://doi.org/10.60507/FK2/OM25XQ,CC-BY-4.0,not_reported,not_reported,,development,,,,,,,,,,,,,70474ecacab21949ba6b29a34a88f20f85080ad84680cb0a091be38e3a95017a,
2025-05-28_kidney-73-25_P3D9_Suspension_Forskolin-A_48h_BF_5x,kidney_73-25_Suspension_Forskolin_A,kidney_73-25,not_reported,not_reported,Suspension,Forskolin,A,2025-05-28,3,9,P3D9,,University_of_Bonn,Leica_DM_IRB_Nikon_DSU3,5x,48.0,pending_annotation,Source image indexed; no instance mask was supplied or generated.,images/2025-05-28_kidney-73-25_P3D9_Suspension_Forskolin-A_48h_BF_5x.tif,,https://doi.org/10.60507/FK2/OM25XQ,CC-BY-4.0,not_reported,not_reported,,development,,,,,,,,,,,,,058b1460c10b19fed1cc6c489be199a838d859fc8a486fcb51247d6286485d12,
2025-05-28_kidney-73-25_P3D9_Suspension_Media-A_48h_BF_5x,kidney_73-25_Suspension_Media_A,kidney_73-25,not_reported,not_reported,Suspension,Media,A,2025-05-28,3,9,P3D9,,University_of_Bonn,Leica_DM_IRB_Nikon_DSU3,5x,48.0,pending_annotation,Source image indexed; no instance mask was supplied or generated.,images/2025-05-28_kidney-73-25_P3D9_Suspension_Media-A_48h_BF_5x.tif,,https://doi.org/10.60507/FK2/OM25XQ,CC-BY-4.0,not_reported,not_reported,,development,,,,,,,,,,,,,d8d33064cdb81c954d2d0e62eac592445e25fdd97c86e023b9225a175c14c6a8,
2025-05-28_kidney-73-25_P3D9_Suspension_P3D7_DMSO-B_48h_BF_5x,kidney_73-25_Suspension_DMSO_B,kidney_73-25,not_reported,not_reported,Suspension,DMSO,B,2025-05-28,3,9,P3D9,P3D7,University_of_Bonn,Leica_DM_IRB_Nikon_DSU3,5x,48.0,pending_annotation,Source image indexed; no instance mask was supplied or generated.,images/2025-05-28_kidney-73-25_P3D9_Suspension_P3D7_DMSO-B_48h_BF_5x.tif,,https://doi.org/10.60507/FK2/OM25XQ,CC-BY-4.0,not_reported,not_reported,,development,,,,,,,,,,,,,c7e665ba37f15658193a009c22969644c21464adbab3349dcc481863c6722054,
2025-05-29_kidney-73-25_P3D10_Suspension_Forskolin-A_72h_BF_5x,kidney_73-25_Suspension_Forskolin_A,kidney_73-25,not_reported,not_reported,Suspension,Forskolin,A,2025-05-29,3,10,P3D10,,University_of_Bonn,Leica_DM_IRB_Nikon_DSU3,5x,72.0,pending_annotation,Source image indexed; no instance mask was supplied or generated.,images/2025-05-29_kidney-73-25_P3D10_Suspension_Forskolin-A_72h_BF_5x.tif,,https://doi.org/10.60507/FK2/OM25XQ,CC-BY-4.0,not_reported,not_reported,,development,,,,,,,,,,,,,6f0598e82629fa8bab140aaad667608a626cfcc5725b3e0c252973ee601c6f80,
2025-05-29_kidney-73-25_P3D10_Suspension_Media-A_72h_BF_5x,kidney_73-25_Suspension_Media_A,kidney_73-25,not_reported,not_reported,Suspension,Media,A,2025-05-29,3,10,P3D10,,University_of_Bonn,Leica_DM_IRB_Nikon_DSU3,5x,72.0,pending_annotation,Source image indexed; no instance mask was supplied or generated.,images/2025-05-29_kidney-73-25_P3D10_Suspension_Media-A_72h_BF_5x.tif,,https://doi.org/10.60507/FK2/OM25XQ,CC-BY-4.0,not_reported,not_reported,,development,,,,,,,,,,,,,7f81e5953b9aa3421c3705a922a3396c2a6ecde6c9f3d6371299aea20d488822,
2025-05-29_kidney-73-25_P3D10_Suspension_P3D7_DMSO-B_72h_BF_5x,kidney_73-25_Suspension_DMSO_B,kidney_73-25,not_reported,not_reported,Suspension,DMSO,B,2025-05-29,3,10,P3D10,P3D7,University_of_Bonn,Leica_DM_IRB_Nikon_DSU3,5x,72.0,pending_annotation,Source image indexed; no instance mask was supplied or generated.,images/2025-05-29_kidney-73-25_P3D10_Suspension_P3D7_DMSO-B_72h_BF_5x.tif,,https://doi.org/10.60507/FK2/OM25XQ,CC-BY-4.0,not_reported,not_reported,,development,,,,,,,,,,,,,99dbe71a4f2eab268b115a9f28f215f6017a956afadbc605741f80e5a67dbe8b,
